From Date,To Date,AT,BP,NO,NO2,NOx,Ozone,PM10,RH,SO2,SR,PM2.5
01-01-2017 00:00,01-01-2017 08:00,7.83,735.84,62.97,45.29,126.34,3.49,266.45,85.43,26.66,5.1,
01-01-2017 08:00,01-01-2017 16:00,16.09,735.3,28.69,51.82,85.4,52.54,261.66,63.67,22.41,208.38, 
01-01-2017 16:00,02-01-2017 00:00,11.94,735.34,333.97,71.87, ,11.65,454.57,76.58,34.95,9.34, 
02-01-2017 00:00,02-01-2017 08:00,8,735.71,337.37,39,495.47,17.87,383.18,86.88,22.82,4.78, 
02-01-2017 08:00,02-01-2017 16:00,18.08,734.99,77.39,85.58,181.96,43.2,265.2,55.91,15.45,215.07, 
02-01-2017 16:00,03-01-2017 00:00,13.5,735.69,71.58,84.23,172.8,13.19,321.05,74.92,26.23,9.21, 
03-01-2017 00:00,03-01-2017 08:00,8.43,735.95,86.53,54.01,166.3,2.63,306.44,86.4,25.77,4.46,13.5
03-01-2017 08:00,03-01-2017 16:00,16.39,735.08,24.69,70.82,96.82,59.3,215.33,61.56,20.27,216.04,9.79
03-01-2017 16:00,04-01-2017 00:00,12.57,735.18,301.23,95,496.07,13.34,564.9,74.33,39.32,8.48,44.78
04-01-2017 00:00,04-01-2017 08:00,7.53,735.71,260.43,32.65,384.72,6.91,391.22,86.47,23.99,4.45, 
04-01-2017 08:00,04-01-2017 16:00,19.14,734.39,56.71,43.91,116.57,74.54,245.86,50.58,16.67,228.15,12.38
04-01-2017 16:00,05-01-2017 00:00,13.27,735.52,94.11,77.53,197.64,17.71,276.22,69.97,25.46,8.84,184.86
05-01-2017 00:00,05-01-2017 08:00,8.54,735.8,166.12,37.47,260.3,8.01,282.17,86.14,23.45,5.05,34.12
05-01-2017 08:00,05-01-2017 16:00,19.26,734.76,26.87,63.35,93.12,75.26,233.4,53.57,20.51,212.23,6.31
05-01-2017 16:00,06-01-2017 00:00,13.61,735.49,309.78,92.03, ,15.92,507.53,71.69,38.93,8.92,291.33
06-01-2017 00:00,06-01-2017 08:00,9.79,735.95,144.65,51.3,243.25,5.52,315.73,86.41,16.62,5.03,265.43
06-01-2017 08:00,06-01-2017 16:00,18.1,734.94,6.99,51.01,54.99,63.35,240.08,55.94,19.75,208.19,163.91
06-01-2017 16:00,07-01-2017 00:00,14.75,735.38,9.1,61.22,66.99,22.15,233.82,73.32,24.47,9.15,175.51
07-01-2017 00:00,07-01-2017 08:00,11.12,735.59,3.12,27.45,28.71,18.37,174.98,85.01,21.5,3.91,166.82
07-01-2017 08:00,07-01-2017 16:00,11.08,735.67,13.71,39.18,53.63,12.2,150.12,81.49,24.17,47.18,148.19
07-01-2017 16:00,08-01-2017 00:00,10.63,735.7,26.74,43.99,75.68,6.66,216.31,83.25,24.65,6.51,193.38
08-01-2017 00:00,08-01-2017 08:00,9.06,735.5,4.74,37.01,39.44,12.59,147.27,84.03,20.81,4.94,19.5
08-01-2017 08:00,08-01-2017 16:00,14.64,735.24,5.43,45.75,48.18,58.4,159.39,59.94,23.9,225.62, 
08-01-2017 16:00,09-01-2017 00:00,10.61,735.53,82.22,81.85,185.18,12.71,294.09,73.94,24.9,10.53,175.87
09-01-2017 00:00,09-01-2017 08:00,7.27,735.83,41.94,53.47,104.9,5.64,187.32,85.5,25.97,5.6,168.55
09-01-2017 08:00,09-01-2017 16:00,13.18,735.5,32.39,62.97,100.34,50.25,245.47,62.69,27.27,239.13,187.67
09-01-2017 16:00,10-01-2017 00:00,9.94,735.56,73.1,76.06,167.56,18.07,266.07,71.05,28.52,10.54,186.42
10-01-2017 00:00,10-01-2017 08:00,4.97,735.92,18.2,56.86,75.51,5.77,160.34,78.51,22.39,5.74,119.94
10-01-2017 08:00,10-01-2017 16:00,12.39,735.41,17.7,41.31,60.95,77.68,185.3,40.92,26.3,274.24,114.04
10-01-2017 16:00,11-01-2017 00:00,7.26,735.45,72.1,84.57,173.83,26.75,225.21,50.84,26.29,8.65,147.48
11-01-2017 00:00,11-01-2017 08:00,2.53,735.76,34.51,72.79,111.99,5.66,235.55,68.79,26.73,5.65,193.41
11-01-2017 08:00,11-01-2017 16:00,11.28,735.65,6.5,39.77,44.31,77.7,192.13,40.1,26.46,267.93,121.13
11-01-2017 16:00,12-01-2017 00:00,6.34,735.65,178.9,92.04,326.27,34.24,344.22,57.68,30.92,10.53,241.22
12-01-2017 00:00,12-01-2017 08:00,2.24,735.82,96.82,74.85,198.9,13.93,435.19,75.86,25.35,5.57,348.11
12-01-2017 08:00,12-01-2017 16:00,11.84,735.77,11.73,54.07,64.17,79.69,259.2,44.84,28.27,257.65,185.49
12-01-2017 16:00,13-01-2017 00:00,7.49,735.55,168.32,99.98,318.95,37.68,363.59,60.09,32.67,9.79,136.09
13-01-2017 00:00,13-01-2017 08:00,2.87,735.79,81.31,81.05,183.25,14.39,440.57,77.77,24.92,5.66,71.44
13-01-2017 08:00,13-01-2017 16:00,13.18,734.82,14.49,60.97,74.12,80.2,365.88,40.96,45.11,254.02,17.87
13-01-2017 16:00,14-01-2017 00:00,7.69,735.38,282.71,121.83,494.59,38.33,504.01,59.06,42.04,9.77,119
14-01-2017 00:00,14-01-2017 08:00,2.51,735.9,228.07,90.74,392.31,14.06,662.9,78.76,22.37,4.07,544.67
14-01-2017 08:00,14-01-2017 16:00, , , , , , , , , , , 
14-01-2017 16:00,15-01-2017 00:00, , , , , , , , , , , 
15-01-2017 00:00,15-01-2017 08:00, , , , , , , , , , , 
15-01-2017 08:00,15-01-2017 16:00,17.5, ,2.62,44,42.75,101.67,188.43,27.07,24.52,258.36,124.21
15-01-2017 16:00,16-01-2017 00:00,12.02,735.38,87.89,99.89,208.96,21.73,381.96,50.56,32.39,9.25,209.44
16-01-2017 00:00,16-01-2017 08:00,7.34,735.71,30.19,66.98,100.9,15.29,253.26,65.67,26.51,5.06,208.71
16-01-2017 08:00,16-01-2017 16:00,13.59,735.21,14.72,50.38,65.01,47.58,290.22,55.15,30.79,219.29,195.51
16-01-2017 16:00,17-01-2017 00:00,8.27,735.45,6.63,52.15,55.52,19.44,182.13,73.46,25.4,11.44,154.39
17-01-2017 00:00,17-01-2017 08:00,3.41,735.92,7.03,38.48,43.89,12.83,120.98,81.66,24.8,4.38,112.82
17-01-2017 08:00,17-01-2017 16:00,9.4,735.79,9.54,39.84,48.52,56.91,203.31,62.73,25.92,224.95,104.06
17-01-2017 16:00,18-01-2017 00:00,7.2,735.16,85.79,79.17,187.69,16.12,271.93,72.81,25.82,12.06,205.95
18-01-2017 00:00,18-01-2017 08:00,2.98,736.22,88.59,60.14,174.57,5.55,215.05,84.19,25.52,5.64,112.52
18-01-2017 08:00,18-01-2017 16:00,12.45,735.33,46.17,86.66,140.26,48.24,297.76,54.56,27.15,233.31,65.8
18-01-2017 16:00,19-01-2017 00:00,9.88,735.58,62.63,112.1,185.4,23.44,275.76,64.49,33.17,11.22,187.53
19-01-2017 00:00,19-01-2017 08:00,4.25,735.96,39.28,64.74,111.32,13.33,198.98,82.91,21.78,5.65,184.01
19-01-2017 08:00,19-01-2017 16:00,13.94,735.05,15.53,58.57,73.38,65.51,226.23,47.66,24.18,264.45,164.94
19-01-2017 16:00,20-01-2017 00:00,10.85,735.57,10.01,74.36,79.9,28.07,176.4,61.95,26.07,9.99,107.92
20-01-2017 00:00,20-01-2017 08:00,4.37,736.07,13.58,55.98,68.42,16.24,151.3,82.21,23.45,5.81,137.79
20-01-2017 08:00,20-01-2017 16:00,13.52,735.41,17.65,54.7,72.84,75.08,270.34,48.13,24.05,264.22,95.19
20-01-2017 16:00,21-01-2017 00:00,9.68,735.74,103.88,95.02,226.58,33.26,283.09,57.02,29.07,10.79, 
21-01-2017 00:00,21-01-2017 08:00, , , , , , , , , , , 
21-01-2017 08:00,21-01-2017 16:00, , , , , , , , , , , 
21-01-2017 16:00,22-01-2017 00:00, , , , , , , , , , , 
22-01-2017 00:00,22-01-2017 08:00, , , , , , , , , , , 
22-01-2017 08:00,22-01-2017 16:00, , , , , , , , , , , 
22-01-2017 16:00,23-01-2017 00:00, , , , , , , , , , , 
23-01-2017 00:00,23-01-2017 08:00, , , , , , , , , , , 
23-01-2017 08:00,23-01-2017 16:00,17.48, ,4.71,48.28,49.45,69.74,238.73,32.56,23.56,231.12,19.25
23-01-2017 16:00,24-01-2017 00:00,13.71,734.81,196.64,107.75,364.5,20.78,337.83,65.21,33.46,12.36,192.9
24-01-2017 00:00,24-01-2017 08:00,8.93,735.53,103.37,74.23,207.3,10.49,360.55,83.65,26.14,5.89,312.7
24-01-2017 08:00,24-01-2017 16:00,19.75,734.18,23.25,83.19,105.86,75.82,365.46,49.26,21.6,242.72,215.06
24-01-2017 16:00,25-01-2017 00:00,14.72,735.36,377.03,125.6, ,16.02,547.49,68.17,36.5,13.11,308.6
25-01-2017 00:00,25-01-2017 08:00,10.49,735.48,492.07,72.74, ,11.22,502.76,84.49,24.79,5.46,377.45
25-01-2017 08:00,25-01-2017 16:00,19.15,735.11,25.46,71.91,98.78,49.93,317.44,58.06,24.66,174.04,211.24
25-01-2017 16:00,26-01-2017 00:00,17.61,735.36,20.21,89.75,107.6,23.26,291.97,63.96,26.96,12.09,198.23
26-01-2017 00:00,26-01-2017 08:00,14.51,735.51,11.61,62.92,71.91,14.81,228.56,75.1,27.26,5.95,199.76
26-01-2017 08:00,26-01-2017 16:00,13.51,735.49,5.65,49,51.38,21.8,195.54,78.75,27.33,17.29,179.49
26-01-2017 16:00,27-01-2017 00:00,11.64,735.56,11.53,52.05,62.14,12.51,68.55,87.77,22.42,3.17,78.69
27-01-2017 00:00,27-01-2017 08:00,10.48,735.71,2.98,35.47,35.69,16.13,32.65,87.67,23.62,3.77,32.45
27-01-2017 08:00,27-01-2017 16:00,14.35,735.4,5.44,32.23,36.14,46.28,84.72,68.74,24.58,239.8, 
27-01-2017 16:00,28-01-2017 00:00,11.22,735.4,7.14,50.27,54.53,21.16,160.75,75.06,26.03,17.36,116.29
28-01-2017 00:00,28-01-2017 08:00,7.98,735.51,10.54,42.6,52.32,9.41,190.92,85.27,25.92,4.79,126.13
28-01-2017 08:00,28-01-2017 16:00,12.56,735.08,9.76,41.33,50.15,44.02,188.44,73.39,22.85,255.77,62.8
28-01-2017 16:00,29-01-2017 00:00,11.28,735.04,3.56,42.9,43.07,27.98,177.45,77.28,25.45,14.09,11
29-01-2017 00:00,29-01-2017 08:00,8.54,735.1,1.04,31.82,29.74,22.21,204.94,86.06,25.19,4.9, 
29-01-2017 08:00,29-01-2017 16:00,14.63,734.74,3.34,30.2,31.47,40.44,178.27,66.69,21.38,274.02, 
29-01-2017 16:00,30-01-2017 00:00,12.56,735.01,64.53,62.39,143.7,12.55,292.47,74.75,28.67,17.71, 
30-01-2017 00:00,30-01-2017 08:00,8.3,735.08,104.79,45.74,183.88,11.97,371.73,87.03,26.92,4.56, 
30-01-2017 08:00,30-01-2017 16:00,15.42,734.07,15.25,52.98,67.98,74.31,187.25,63.67,18.47,276.54,31.12
30-01-2017 16:00,31-01-2017 00:00,12.38,735.51,272.07,84.69,446.95,24.73,395.96,70.97,33.5,14.18,7.62
31-01-2017 00:00,31-01-2017 08:00,7.9,735.99,421.62,40.09, ,8.27,378.8,86.96,30.08,5.81, 
31-01-2017 08:00,31-01-2017 16:00,18.46,734.06,75.2,86.06,179.35,59.33,310.66,54.95,17.74,300.04,39.83
31-01-2017 16:00,01-02-2017 00:00,13.65,735.76,82.17,88.69,191.25,19.87,250.1,69.4,27.35,14.38,138.91
01-02-2017 00:00,01-02-2017 08:00,8.45,736.29,61.51,56.35,134.19,6.52,233.89,86.1,22.29,4.92,155.42
01-02-2017 08:00,01-02-2017 16:00,15.66,734.75,11.6,53.97,63.91,56.18,193.12,60.8,24.31,303.3,111.67
01-02-2017 16:00,02-02-2017 00:00,12.46,735.66,279.16,84.9,456.84,21.53,402.13,67.96,36.57,12.73,218.87
02-02-2017 00:00,02-02-2017 08:00,7.6,736.23,394.68,52.93, ,7.08,422.46,86.75,25.54,7.05,287.54
02-02-2017 08:00,02-02-2017 16:00,18.76,734.57,61.61,90.03,164.37,66.68,312.53,47.56,23.62,294.3,198.14
02-02-2017 16:00,03-02-2017 00:00,12.67,735.71,275.53,103.62,468.53,25.77,410.84,64.36,34.61,16.09,236.28
03-02-2017 00:00,03-02-2017 08:00,8.11,736.26,280.17,59.87,435.96,6.99,411.95,85.78,25.53,7.05,289.05
03-02-2017 08:00,03-02-2017 16:00,19.29,734.15,47.64,80.89,137.12,52.09,322.96,48.98,17.45,305.29,200.82
03-02-2017 16:00,04-02-2017 00:00,14.11,735.83,377.41,107.93, ,27.18,502.68,69.19,35.7,15.74,280.51
04-02-2017 00:00,04-02-2017 08:00,10.19,736.48,233.04,54.27,366.61,6.78,401.42,86.34,19.47,6.81,267.25
04-02-2017 08:00,04-02-2017 16:00,17.62,735.85,8.49,54.89,60.53,50.53,288.62,63.36,20.35,247.44,188.85
04-02-2017 16:00,05-02-2017 00:00,15.74,736,5.86,55.43,57.41,51.49,271.55,69.35,27.04,16.09,186.06
05-02-2017 00:00,05-02-2017 08:00,13.1,736,2.61,36.3,35.9, ,237.35,75.34,25.48,5.6,172.09
05-02-2017 08:00,05-02-2017 16:00,17.44,735.85,5.29,39.89,42.8, ,236.1,60.04,23.96,220.51,162.61
05-02-2017 16:00,06-02-2017 00:00,14.86,735.92,149.36,70.56,266.8, ,349.51,74.02,29.21,15.02,206.01
06-02-2017 00:00,06-02-2017 08:00,11.11,736.4,154.21,47.36,252.8, ,403.65,86.75,26.03,5.25,287.7
06-02-2017 08:00,06-02-2017 16:00,17.65,734.9,16.13,39.38,57.11,25.27,339.93,58.86,21.52,286.32,188.62
06-02-2017 16:00,07-02-2017 00:00,13.4,735.52,19.66,77.61,95.97,16.84,243.6,52.69,25.16,13.33,93.34
07-02-2017 00:00,07-02-2017 08:00,7.31,736.05,18.04,60.35,78.36,10.7,164.87,69.45,24.31,6.17,77.35
07-02-2017 08:00,07-02-2017 16:00,16.23,733.85,5.78,35.33,39.36,63.76,220.1,42.11,22.19,332.15,79.73
07-02-2017 16:00,08-02-2017 00:00,13.2,735.86,29.34,85.81,116.54,27.02,233.55,58.36,27.09,17.81,96.57
08-02-2017 00:00,08-02-2017 08:00,7.62,736.49,57.57,62.87,134.62,6.82,255.8,80.97,26.67,6.61,153.77
08-02-2017 08:00,08-02-2017 16:00,17.52,734.6,17.55,44.92,63.98,70.71,323.56,44.02,20.65,310.14,160.28
08-02-2017 16:00,09-02-2017 00:00,13.63,735.84,149.9,101.85,295.44,28.08,334.19,54.52,30.82,12.45,143.64
09-02-2017 00:00,09-02-2017 08:00,8.65,736.47,69.21,79.25,165.14,6.12,225.47,75.51,24.53,6.33,64.31
09-02-2017 08:00,09-02-2017 16:00,17.27,734.55,27.73,55.33,87.17,72.01,387.07,46.79,24.73,317.98,162.5
09-02-2017 16:00,10-02-2017 00:00,12.95,735.54,37.55,106.6,146.8,35.99,248.16,58.53,47.5,15.06,81.63
10-02-2017 00:00,10-02-2017 08:00,7.52,736.01,23.99,87.75,110.94,6.51,285.2,79.67,26.26,6.99,24.5
10-02-2017 08:00,10-02-2017 16:00,16.73,734.12,12.43,55.42,66.35,72.21,312.96,45.77,25.98,324.26,16.22
10-02-2017 16:00,11-02-2017 00:00,12.84,735.54,108.15,89.09,227.05,29.27,255.66,55.03,28.27,13.19,51.41
11-02-2017 00:00,11-02-2017 08:00,6.74,735.89,70.11,62.06,151.04,5.64,274.46,76.87,27.04,6.72, 
11-02-2017 08:00,11-02-2017 16:00,18.56,733.32,7.88,42.01,48.15,97.78,242.83,36.83,28.88,324.11,46.88
11-02-2017 16:00,12-02-2017 00:00,20.68,735,2.64,49.66,47.87,114.19,181,25,27.64,66, 
12-02-2017 00:00,12-02-2017 08:00, , , , , , , , , , , 
12-02-2017 08:00,12-02-2017 16:00,22.3,733.67,3.73,54.54,53.72,128.01,214.3,32.03,25.24,329.38,122.35
12-02-2017 16:00,13-02-2017 00:00,13.97,735.77,106.77,95.11,230.31,33.03,337.36,59.41,28.45,16.33,86.15
13-02-2017 00:00,13-02-2017 08:00,7.49,736.25,106.39,71.69,209.19,5.07,281.03,80.73,22.88,7.07, 
13-02-2017 08:00,13-02-2017 16:00,19.49,733.64,19.42,48.33,69.53,100.71,281.94,39.11,22.17,320.29,125.53
13-02-2017 16:00,14-02-2017 00:00,14.96,735.33,61.78,122.58,193.65,35.57,269.89,53.8,28.88,13.81,42.38
14-02-2017 00:00,14-02-2017 08:00,8.51,736.03,31.7,102.81,134.88,5.96,292.9,77.25,24.74,7.01,202.73
14-02-2017 08:00,14-02-2017 16:00,19.46,733.19,11.62,62.88,71.89,105,365.5,39.54,21.8,323.64,153.26
14-02-2017 16:00,15-02-2017 00:00,15.54,735.41,47.07,115.37,167.09,34.52,266.05,53.22,29.61,21.45,35.24
15-02-2017 00:00,15-02-2017 08:00,9.63,735.85,41.83,99.55,145.83,6.08,283.98,72.43,28.19,6.62,33.33
15-02-2017 08:00,15-02-2017 16:00,20.91,734.25,10.3,58.95,66.59,110.87,351.05,38.06,28.11,321.27,104.75
15-02-2017 16:00,16-02-2017 00:00,17.48,735.67,49.6,115.55,170.69,39.39,281.5,51.23,34.54,14.57,121.57
16-02-2017 00:00,16-02-2017 08:00,11.98,736.11,35.23,91.22,129.39,14.61,258.06,69.34,27.73,7.46,126.79
16-02-2017 08:00,16-02-2017 16:00,22.03,734.41,10.28,60.11,67.61,90.87,316.96,34.74,24.87,290.41,118.85
16-02-2017 16:00,17-02-2017 00:00,18.89,734.99,6.88,99.4,97.96,65.75,269.08,48.57,33.74,17.15,139.82
17-02-2017 00:00,17-02-2017 08:00,13.49,735.46,4.98,72.44,71.32,41.51,206.75,64.27,28.62,7.86,89.67
17-02-2017 08:00,17-02-2017 16:00,20.54,734.68,8.2,61.58,66.06,110.51,339.96,45.26,26.1,251.26,115.69
17-02-2017 16:00,18-02-2017 00:00,18.64,735.16,21.61,93.66,112.93,36.42,234.42,57.52,27.41,19.5,98.18
18-02-2017 00:00,18-02-2017 08:00,12.82,735.98,35.04,80.34,119.43,8.32,236.45,81.49,26.87,7.08,102.82
18-02-2017 08:00,18-02-2017 16:00,22.4, ,9.61,53.9,61.14,125.91,262.93,41.57,21.29,297.96,113.93
18-02-2017 16:00,19-02-2017 00:00,20.31,735.48,57.16,104.24,170.94,35.83,278.56,53.96,31.05,21.12,112.07
19-02-2017 00:00,19-02-2017 08:00,14.29,736.05,77.69,81.88,179.06,7.81,252.2,79.29,23.62,8.58,99.34
19-02-2017 08:00,19-02-2017 16:00,25.33,733.99,6.95,49.59,53.68,133.82,218.12,38.55,21.6,323.04, 
19-02-2017 16:00,20-02-2017 00:00, , , , , , , , , , , 
20-02-2017 00:00,20-02-2017 08:00,10.8, ,218.32,62.15,353.55,9.99,271.79,57.33,17.32,6.46, 
20-02-2017 08:00,20-02-2017 16:00,27.31,733.92,10.78,47.54,57.13,131.13,349.13,31.27,20.02,315.05,56.61
20-02-2017 16:00,21-02-2017 00:00,22.27,735.24,139.29,90.24,270.53,30.64,393.63,43.79,35.12,18.34,145.13
21-02-2017 00:00,21-02-2017 08:00,15.15,736.03,3.17,50.49,49.29,32.93,260.86,73.58,22.35,7.94,111.65
21-02-2017 08:00,21-02-2017 16:00,20.41,734.47,3.93,33.65,35.34,110.78,474.54,53.42,23.73,302.51,123.39
21-02-2017 16:00,22-02-2017 00:00,17.51,735.5,93.44,84.53,202.87,48.23,289.75,57.96,32.2,22.47,114.65
22-02-2017 00:00,22-02-2017 08:00,11.61,736.05,124.45,59.65,223.11,11.88,218.33,82.14,26.47,7.2,99.81
22-02-2017 08:00,22-02-2017 16:00,23.27,733.92,19.74,45.94,67.85,149.62,386.67,33.52,17.06,337.51,93.55
22-02-2017 16:00,23-02-2017 00:00,17.62,735.68,20.21,80.15,99,53.83,246.14,41.07,29.7,16.78,82.88
23-02-2017 00:00,23-02-2017 08:00,10.67,736.39,18.98,74.73,92.48,12.57,212.35,57.83,26.75,7.19,88.86
23-02-2017 08:00,23-02-2017 16:00,15.2,735.2,16.57,62.6,78.42,68.33,412.12,44.3,34.29,281.43,162.8
23-02-2017 16:00,24-02-2017 00:00, , , , , , , , , , , 
24-02-2017 00:00,24-02-2017 08:00, , , , , , , , , , , 
24-02-2017 08:00,24-02-2017 16:00, , , , , , , , , , , 
24-02-2017 16:00,25-02-2017 00:00, , , , , , , , , , , 
25-02-2017 00:00,25-02-2017 08:00, , , , , , , , , , , 
25-02-2017 08:00,25-02-2017 16:00, , , , , , , , , , , 
25-02-2017 16:00,26-02-2017 00:00, , , , , , , , , , , 
26-02-2017 00:00,26-02-2017 08:00, , , , , , , , , , , 
26-02-2017 08:00,26-02-2017 16:00,23.75,733.09,1.38,23.55,22.87,177.85,247.59,26.19,22.4,384.08,57.55
26-02-2017 16:00,27-02-2017 00:00,17.73,735.67,25.83,75.16,102.22,67.89,232.1,40.39,32.91,16.02,78.25
27-02-2017 00:00,27-02-2017 08:00,10.99,736.49,29.34,74.89,106.76,3.21,244.21,62.7,31.38,7.38,111.07
27-02-2017 08:00,27-02-2017 16:00,24.66,733.69,6.66,39.34,44.14,180.3,280.27,24.97,24.21,347.25,57.4
27-02-2017 16:00,28-02-2017 00:00,18.59,735.3,152.49,92.72,290.84,47.01,320.79,43.28,39.35,17.54,109.4
28-02-2017 00:00,28-02-2017 08:00,11.25,736.31,278.63,75.07,447.37,8.46,338.42,74.56,28.7,8.25,136.79
28-02-2017 08:00,28-02-2017 16:00,17.65, ,111.48,112.84,252.7,29.76,424.15,34.36,18.8,214.06,187.33
28-02-2017 16:00,01-03-2017 00:00,18.84, ,244.64,138.18,457.2,42.55,501.68,44.47,44.65,9.53,193.7
01-03-2017 00:00,01-03-2017 08:00,16.64,735.97,190.81,100.01,349.68,7.06,419.94,59.71,25.64,7.99,181.64
01-03-2017 08:00,01-03-2017 16:00,25.65,734.07,15.6,54.54,69.87,106.79,295.67,31.73,21.79,287.09,87.94
01-03-2017 16:00,02-03-2017 00:00,21.28,734.98,99.53,95.76,221.21,40.91,325.09,48.36,38.35,18.89,134.2
02-03-2017 00:00,02-03-2017 08:00,15.77,735.53,43.51,58.78,111.8,11.64,251.45,68.57,26.95,8.43,105.88
02-03-2017 08:00,02-03-2017 16:00,21.59,733.97,41.13,81.07,128.37,26.31,380.33,50.1,21.51,208.88,155.39
02-03-2017 16:00,03-03-2017 00:00,19.3,735.42,14.88,82.32,93.66,5.96,262.86,50.93,32.9,7.57,95.92
03-03-2017 00:00,03-03-2017 08:00,13.29,736.11,24.74,56.15,83.79,26.44,190.42,59.39,29.78,7.46,64.03
03-03-2017 08:00,03-03-2017 16:00,24.25,733.52,13.02,36.57,50.34,128.55,236.93,23.96,22.65,317.51,59.66
03-03-2017 16:00,04-03-2017 00:00,18.13,735.75,22.25,68.16,91.13,42.58,232.78,44.51,32.37,19.75,84.26
04-03-2017 00:00,04-03-2017 08:00,11.8,736.47,20.48,62.34,83.53,8.09,222.23,61.44,27.27,7.75,98.45
04-03-2017 08:00,04-03-2017 16:00,22.14,733.74,5.52,29.44,33.78,158.71,250.01,29.46,23.18,351.75,94.87
04-03-2017 16:00,05-03-2017 00:00,17.66,735.65,19.68,65.5,85.24,65.74,223.94,38.39,33.69,17.46,74.53
05-03-2017 00:00,05-03-2017 08:00,11.15,736.42,11.21,68.88,76.67,11.81,283.96,59.61,38.39,8.16,141.95
05-03-2017 08:00,05-03-2017 16:00,22.59,733.53,2.48,23.5,24.32,166.5,256.9,27.28,23.6,356.45,64.96
05-03-2017 16:00,06-03-2017 00:00,18.64,735.46,11.9,52.19,62.74,66.57,206.21,33.36,33.54,17.44,66.82
06-03-2017 00:00,06-03-2017 08:00,11.45,736.41,5.5,49.96,52.01,20.75,250.93,53.14,42.9,8.26,118.48
06-03-2017 08:00,06-03-2017 16:00,23.31,733.97,2.96,23.54,25.02,187.31,252.78,24.62,27.29,349.19,66.32
06-03-2017 16:00,07-03-2017 00:00,19.27,735.3,23.12,69.03,93.09,54.55,230.4,35.65,33.97,19.55,78.07
07-03-2017 00:00,07-03-2017 08:00,11.63,736.31,94.05,60.76,182.57,6.9,265.39,65.02,36.92,8.99,111.71
07-03-2017 08:00,07-03-2017 16:00,26.07,733.44,4.8,38.62,40.98,178.81,273.89,21.5,33.94,321.56,119.53
07-03-2017 16:00,08-03-2017 00:00,20.47,735.18,95.89,87.65,209,57.72,326.18,39.99,43.04,20.48,119.32
08-03-2017 00:00,08-03-2017 08:00,17.07,735.95,4.58,45.75,46.99,60.38,231.04,43.5,31.86,6.45,79.48
08-03-2017 08:00,08-03-2017 16:00,22.51,734.25,6.53,40.76,45.25,90.08,195.28,37.88,24.69,289.66,33.89
08-03-2017 16:00,09-03-2017 00:00,19.59,735.42,24.51,63.95,90.46,30.32,249.41,47.85,38.38,19.4,94.59
09-03-2017 00:00,09-03-2017 08:00,13.7,736.01,17.98,40.87,60.96,26.69,154.44,72.09,29.68,9.85,52.06
09-03-2017 08:00,09-03-2017 16:00,22.46,733.77,5.33,31.54,35.38,28.35,188.46,41.89,22.48,282.6,50.52
09-03-2017 16:00,10-03-2017 00:00,15.45,735.97,17.42,58.28,75.68, ,163.7,60.79,28.93,23.66,65.07
10-03-2017 00:00,10-03-2017 08:00,12.79,736.01,2.62,29.68,30.01, ,120.5,72.58,28.3,9.03,34.64
10-03-2017 08:00,10-03-2017 16:00,20.27,733.87,5.95,26.5,31.76, ,144.25,52.58,24.77,277.53,38.4
10-03-2017 16:00,11-03-2017 00:00,13.26,736,2.66,38.4,37.83, ,120.02,58.01,26.21,20.57,39.16
11-03-2017 00:00,11-03-2017 08:00,9.26,736.42,3.48,23.84,25.92, ,98.2,75.79,24.64,11.1,23.35
11-03-2017 08:00,11-03-2017 16:00,18.63,735.32,4.46,24.86,28.22,158.4,118.97,45.27,31.71,297.33,41.62
11-03-2017 16:00,12-03-2017 00:00,15.57,735.68,23.6,36.38,64.65,57.62,182.7,42.75,29.25,24.92,51.19
12-03-2017 00:00,12-03-2017 08:00,9.21,736.47,26.99,28.52,62.27,30.07,166.22,75.72,28.75,11.79,60.92
12-03-2017 08:00,12-03-2017 16:00,19.8,733.47,3.19,19.38,21.41,136.91,129.82,38.21,22.83,374.92,32.68
12-03-2017 16:00,13-03-2017 00:00,14.82,735.76,12.85,47.16,59.54,58.89,195.6,44.56,29.71,25.39,84.77
13-03-2017 00:00,13-03-2017 08:00,8.75,736.47,1.21,32.33,30.44,31.56,179.76,65.31,26.33,13.51,77.08
13-03-2017 08:00,13-03-2017 16:00,19.81,733.16,0.91,9.84,10,171.1,153.59,28.22,22.07,380.29,40.09
13-03-2017 16:00,14-03-2017 00:00,14.92,735.73,9.7,34.94,44.36,74.44,163.7,41.28,29,24.24,65.36
14-03-2017 00:00,14-03-2017 08:00,8,736.6,49.05,31.22,94.81,6.32,178.7,76.31,24.57,14.28,72.08
14-03-2017 08:00,14-03-2017 16:00,22.21,733.05,9.21,33.34,42.27,174.1,205.9,25.52,25.46,365.24,65.12
14-03-2017 16:00,15-03-2017 00:00,16.61,735.56,80.71,65.06,168.2,47.26,236.24,41.88,29.64,24.7,90.97
15-03-2017 00:00,15-03-2017 08:00,10.44,736.47,40.75,42.85,93.82,5.25,259.42,69.52,24.79,14.57,106.21
15-03-2017 08:00,15-03-2017 16:00,23.8,732.91,5.15,23.27,27.76,155.74,256.97,28.86,26.26,363.75,93.76
15-03-2017 16:00,16-03-2017 00:00,18.47,735.31,75.23,54.49,151.28,43.15,238.15,42.47,31.77,27.52,92.66
16-03-2017 00:00,16-03-2017 08:00,12.8,736.23,81.28,34.02,141.36,5.62,319.36,66.38,33.79,16.03,135.13
16-03-2017 08:00,16-03-2017 16:00,27.02,733.35,5.16,28.63,32.55,104.81,276.79,23.26,24.14,333.35,96.78
16-03-2017 16:00,17-03-2017 00:00,20.72,735.14,9.65,41.56,50.2,56.9,248.2,40.07,33.9,23.86,98.38
17-03-2017 00:00,17-03-2017 08:00,12.86,735.9,30.91,31.65,70.4,1.32,283.49,73.7,34.92,16.79,106.74
17-03-2017 08:00,17-03-2017 16:00,23.6,733.52,4.42,21.33,24.82,108.22,286.98,36.84,24.49,363.82,96.36
17-03-2017 16:00,18-03-2017 00:00,20.1,735.24,4.63,41.2,43.04,66.99,219.41,47.68,29.91,28.28,84.34
18-03-2017 00:00,18-03-2017 08:00,13.57,736.09,11.89,51,61.67,19.57,217.46,66.3,28.68,16.48,79.12
18-03-2017 08:00,18-03-2017 16:00,25.87,733.59,2.25,23.23,23.76,160.4,230.57,28.86,24.45,354.65,80.38
18-03-2017 16:00,19-03-2017 00:00,20.81,735.28,80.84,58.58,162.61,54.65,311.69,39.16,36.16,28.3,122.99
19-03-2017 00:00,19-03-2017 08:00,14.46,736,109.86,63.12,206.26,6.89,287.15,64.73,27.87,13.43,112.65
19-03-2017 08:00,19-03-2017 16:00,25.61,734.25,4.78,27.21,30.78,166.25,215.9,36.2,19.27,328.86,64.75
19-03-2017 16:00,20-03-2017 00:00,20.97,735.28,64.89,69.73,150.74,59.41,305.18,44.17,34.46,28.88,119.63
20-03-2017 00:00,20-03-2017 08:00,14.33,735.98,41.21,56.18,106.33,8.78,320.87,69.47,32.18,16.67,131.04
20-03-2017 08:00,20-03-2017 16:00,26.35,734.17,2.78,23.83,25.03,164.25,271.91,32.35,23.4,359.6,91.22
20-03-2017 16:00,21-03-2017 00:00,21.69,735.22,20.66,57.76,79.66,71.94,284.21,41.39,37.61,29.48,118.89
21-03-2017 00:00,21-03-2017 08:00,15.64,735.97,13.89,57.19,69.93,19.25,336.51,58.28,39.73,16.99,145.91
21-03-2017 08:00,21-03-2017 16:00,29.45,734.71,2.35,22.65,23.39,174.37,222.71,24.5,24.54,353.92,72.12
21-03-2017 16:00,22-03-2017 00:00,23.69,734.95,111.72,58.66,204.85,48.92,376.14,42.38,37.41,28.48,141.91
22-03-2017 00:00,22-03-2017 08:00,17.34,735.94,69.5,51.11,140.46,7.51,340.91,61.38,27.84,17.9,140.05
22-03-2017 08:00,22-03-2017 16:00,27.77,734.72,7.22,39.88,45.39,95.3,301.33,30.69,24.1,307.61,110.75
22-03-2017 16:00,23-03-2017 00:00, , , , , , , , , , , 
23-03-2017 00:00,23-03-2017 08:00, , , , , , , , , , , 
23-03-2017 08:00,23-03-2017 16:00, , , , , , , , , , , 
23-03-2017 16:00,24-03-2017 00:00, , , , , , , , , , , 
24-03-2017 00:00,24-03-2017 08:00, , , , , , , , , , , 
24-03-2017 08:00,24-03-2017 16:00, , , , , , , , , , , 
24-03-2017 16:00,25-03-2017 00:00, , , , , , , , , , , 
25-03-2017 00:00,25-03-2017 08:00, , , , , , , , , , , 
25-03-2017 08:00,25-03-2017 16:00, , , , , , , , , , , 
25-03-2017 16:00,26-03-2017 00:00, , , , , , , , , , , 
26-03-2017 00:00,26-03-2017 08:00, , , , , , , , , , , 
26-03-2017 08:00,26-03-2017 16:00, , , , , , , , , , , 
26-03-2017 16:00,27-03-2017 00:00, , , , , , , , , , , 
27-03-2017 00:00,27-03-2017 08:00, , , , , , , , , , , 
27-03-2017 08:00,27-03-2017 16:00, , , , , , , , , , , 
27-03-2017 16:00,28-03-2017 00:00, , , , , , , , , , , 
28-03-2017 00:00,28-03-2017 08:00, , , , , , , , , , , 
28-03-2017 08:00,28-03-2017 16:00, , , , , , , , , , , 
28-03-2017 16:00,29-03-2017 00:00, , , , , , , , , , , 
29-03-2017 00:00,29-03-2017 08:00, , , , , , , , , , , 
29-03-2017 08:00,29-03-2017 16:00, , , , , , , , , , , 
29-03-2017 16:00,30-03-2017 00:00, , , , , , , , , , , 
30-03-2017 00:00,30-03-2017 08:00, , , , , , , , , , , 
30-03-2017 08:00,30-03-2017 16:00, , , , , , , , , , , 
30-03-2017 16:00,31-03-2017 00:00, , , , , , , , , , , 
31-03-2017 00:00,31-03-2017 08:00, , , , , , , , , , , 
31-03-2017 08:00,31-03-2017 16:00, , , , , , , , , , , 
31-03-2017 16:00,01-04-2017 00:00, , , , , , , , , , , 
01-04-2017 00:00,01-04-2017 08:00, , , , , , , , , , , 
01-04-2017 08:00,01-04-2017 16:00, , , , , , , , , , , 
01-04-2017 16:00,02-04-2017 00:00, , , , , , , , , , , 
02-04-2017 00:00,02-04-2017 08:00, , , , , , , , , , , 
02-04-2017 08:00,02-04-2017 16:00, , , , , , , , , , , 
02-04-2017 16:00,03-04-2017 00:00, , , , , , , , , , , 
03-04-2017 00:00,03-04-2017 08:00, , , , , , , , , , , 
03-04-2017 08:00,03-04-2017 16:00, , , , , , , , , , , 
03-04-2017 16:00,04-04-2017 00:00, , , , , , , , , , , 
04-04-2017 00:00,04-04-2017 08:00, , , , , , , , , , , 
04-04-2017 08:00,04-04-2017 16:00, , , , , , , , , , , 
04-04-2017 16:00,05-04-2017 00:00, , , , , , , , , , , 
05-04-2017 00:00,05-04-2017 08:00, , , , , , , , , , , 
05-04-2017 08:00,05-04-2017 16:00, , , , , , , , , , , 
05-04-2017 16:00,06-04-2017 00:00, , , , , , , , , , , 
06-04-2017 00:00,06-04-2017 08:00, , , , , , , , , , , 
06-04-2017 08:00,06-04-2017 16:00, , , , , , , , , , , 
06-04-2017 16:00,07-04-2017 00:00, , , , , , , , , , , 
07-04-2017 00:00,07-04-2017 08:00, , , , , , , , , , , 
07-04-2017 08:00,07-04-2017 16:00, , , , , , , , , , , 
07-04-2017 16:00,08-04-2017 00:00, , , , , , , , , , , 
08-04-2017 00:00,08-04-2017 08:00, , , , , , , , , , , 
08-04-2017 08:00,08-04-2017 16:00, , , , , , , , , , , 
08-04-2017 16:00,09-04-2017 00:00, , , , , , , , , , , 
09-04-2017 00:00,09-04-2017 08:00, , , , , , , , , , , 
09-04-2017 08:00,09-04-2017 16:00, , , , , , , , , , , 
09-04-2017 16:00,10-04-2017 00:00, , , , , , , , , , , 
10-04-2017 00:00,10-04-2017 08:00, , , , , , , , , , , 
10-04-2017 08:00,10-04-2017 16:00, , , , , , , , , , , 
10-04-2017 16:00,11-04-2017 00:00, , , , , , , , , , , 
11-04-2017 00:00,11-04-2017 08:00, , , , , , , , , , , 
11-04-2017 08:00,11-04-2017 16:00, , , , , , , , , , , 
11-04-2017 16:00,12-04-2017 00:00,29.69,732.93,0.84,28.11,26.18,14.21,233.93,21.77,44.31,18.2,82.15
12-04-2017 00:00,12-04-2017 08:00,22.06,732.6,2.23,20.41,21.23,17.26,204.59,33.78,53.9,30.48,114.77
12-04-2017 08:00,12-04-2017 16:00,35.21,734.04,1.74,16.76,17.3,70.49,260.75,20.26,38.4,363.72,140.67
12-04-2017 16:00,13-04-2017 00:00,29.28,733.25,82.08,35.55,143.77,26.68,310.47,29.44,49.11,29.15,105.34
13-04-2017 00:00,13-04-2017 08:00,21.31,731.6,104.01,33.66,172.03,6.38,334.76,41.45,43.78,31.01,189.75
13-04-2017 08:00,13-04-2017 16:00,37.4,733.05,3.41,21.63,23.9,103.02,303.51,10.82,42.44,363.63,148.79
13-04-2017 16:00,14-04-2017 00:00,28.42,733.04,144.1,45.73,237.54,33.77,356.85,27.27,45.45,28.17,144.04
14-04-2017 00:00,14-04-2017 08:00,20.79,731.52,105.54,42.68,182.14,6.76,331.73,44.27,36.52,27.19,177.43
14-04-2017 08:00,14-04-2017 16:00,37.77,732.96,1.29,22.75,22.04,144.66,300.68,13.18,44.17,349.83,173.33
14-04-2017 16:00,15-04-2017 00:00,29.62,733.05,98.03,58.48,185.97,47.05,432,31.97,54.02,29.02,204.72
15-04-2017 00:00,15-04-2017 08:00,22.46,731.75,96.58,49.78,176.26,7.46,401.06,53.06,36.44,29.31,216.78
15-04-2017 08:00,15-04-2017 16:00,39.04,733.6,1.16,20.24,19.59,138.02,318.64,12.81,32,352.54,161.12
15-04-2017 16:00,16-04-2017 00:00,31.15,733.29,51.25,48.32,113.03,35.49,323.08,18.35,46.96,25.03,188.09
16-04-2017 00:00,16-04-2017 08:00,22.8,731.64,61.22,43.19,122.1,7.1,340.58,37.34,54.85,30.84,180.66
16-04-2017 08:00,16-04-2017 16:00,37.96,733.07,2.21,33.73,33.04, ,332.29,15.01,68.07,345.25,185.73
16-04-2017 16:00,17-04-2017 00:00,30.56,733.09,66.95,62.36,146.97,35.41,406.73,32.59,51.31,25.6,173.31
17-04-2017 00:00,17-04-2017 08:00,24.67,732.14,9.72,30.11,40.1,39.42,318.76,47.03,27.63,27.92,150.78
17-04-2017 08:00,17-04-2017 16:00,37.04,733,1.02,23.71,22.51,171.28,348.08,23.61,39.64,347.27,148.79
17-04-2017 16:00,18-04-2017 00:00,31.66,733.08,95.93,68.51,192.05,46.12,464.55,34.71,52.53,26.63,165.32
18-04-2017 00:00,18-04-2017 08:00,25,732.68,18.94,43,64.18,6.92,356.93,56.11,34.44,26.59,168.62
18-04-2017 08:00,18-04-2017 16:00,39.09,733.35,2.34,28.33,28.42,170.04,426.72,14.24,49.39,341.98,232.74
18-04-2017 16:00,19-04-2017 00:00,33.97,732.9,37.9,42.2,89.36,34.56,339.57,15.06,42.54,29.81,143.39
19-04-2017 00:00,19-04-2017 08:00,27.5,732.1,26.29,32.5,64.86,7.13,294.53,22.73,57.68,33.56,152.66
19-04-2017 08:00,19-04-2017 16:00,40.33,733.01,1.53,17.56,17.71,78.71,319.29,9.36,31.82,354.02,117.24
19-04-2017 16:00,20-04-2017 00:00,32.4,732.93,110.58,53.16,198.38,8.72,374.87,24.98,46.49,27.14,157.5
20-04-2017 00:00,20-04-2017 08:00,27.2,732.07,55.18,40.04,111.03,7.77,259.27,28.1,42.18,31.17,133.04
20-04-2017 08:00,20-04-2017 16:00,25.54, ,6.02,33.98,38.52,58.19,253.08,16,52.54,235.88,115.75
20-04-2017 16:00,21-04-2017 00:00,33.93,732.59,102.12,48.35,182.56,32.18,398.88,29.44,44.83,26.02,151.07
21-04-2017 00:00,21-04-2017 08:00,27.97,732.17,3.13,26.5,27.87,27.17,395.95,47.4,40.36,26.4,176.02
21-04-2017 08:00,21-04-2017 16:00,35.81,732.67,1.34,23.28,22.57,139.36,430.79,33.5,40.98,340.68,164.75
21-04-2017 16:00,22-04-2017 00:00,39.22,732.5,0.3,23.35,21.23, ,555,24.67,46.93,170.33,218
22-04-2017 00:00,22-04-2017 08:00, , , , , , , , , , , 
22-04-2017 08:00,22-04-2017 16:00, , , , , , , , , , , 
22-04-2017 16:00,23-04-2017 00:00, , , , , , , , , , , 
23-04-2017 00:00,23-04-2017 08:00, , , , , , , , , , , 
23-04-2017 08:00,23-04-2017 16:00, , , , , , , , , , , 
23-04-2017 16:00,24-04-2017 00:00,31.9,732.37,35.22,38.66,82.54, ,293.64,26,37.78,19.4,121.55
24-04-2017 00:00,24-04-2017 08:00,25.46,731.7,21.12,22.41,48.8, ,287.95,38.09,32.23,29.46,116.45
24-04-2017 08:00,24-04-2017 16:00,34.97,732.58,1.36,15.83,15.96,142.2,222.56,22.96,29.78,357.92,85.14
24-04-2017 16:00,25-04-2017 00:00,31.22,732.71,4.64,37.54,39.76,56.9,221.27,22.97,35.31,30.6,95.86
25-04-2017 00:00,25-04-2017 08:00,24.8,731.68,2.09,32.06,31.39,48.34,177.26,34.5,56.51,37.14,83.05
25-04-2017 08:00,25-04-2017 16:00,35.15,732.69,0.97,18.48,17.8,186.03,436.68,18.06,38.27,361.92,155.15
25-04-2017 16:00,26-04-2017 00:00,29.5,732.2,14.47,36.66,52.45,78.12,249.15,27.15,31.79,30.91,113.95
26-04-2017 00:00,26-04-2017 08:00,23.46,731.19,4.73,25.8,29.43,49.8,99.1,39.01,31.6,38.41,52.11
26-04-2017 08:00,26-04-2017 16:00,35.16,732.88,1.06,18.17,17.63,167.93,162.39,17.8,31.78,348.38,73.76
26-04-2017 16:00,27-04-2017 00:00,29.31,732.52,2.93,28.6,29.49,77.29,140.99,20.16,29.59,28.33,60.62
27-04-2017 00:00,27-04-2017 08:00,22.98,731.28,32.69,32.96,74.02,18.1,156.26,38.57,37.42,7.53,69.33
27-04-2017 08:00,27-04-2017 16:00,34.36,732.24,8.06,25.64,33.85,156.49,216.75,20.03,36.46,312.18,83.09
27-04-2017 16:00,28-04-2017 00:00,30.9,732.47,1.86,27.75,27.25,73.38,283.85,21.32,27.19,30.65,94.6
28-04-2017 00:00,28-04-2017 08:00,24.29,731.22,29.59,33.44,70.21,8.57,161.77,36.84,41.81,29.71,28.76
28-04-2017 08:00,28-04-2017 16:00,35.51,732.21,1.16,16.77,16.51,173.61,259.7,18.23,31.74,332.9, 
28-04-2017 16:00,29-04-2017 00:00,29.08,731.9,2.61,33.77,33.65,49.09,169.67,26.74,34.56,26.88, 
29-04-2017 00:00,29-04-2017 08:00,24.41,731.22,21.19,33.76,59.02,15.98,136.22,37.3,45.68,34.82, 
29-04-2017 08:00,29-04-2017 16:00,35.92,732.01,3.48,33.3,34.41, ,287.3,19.3,45.3,321.7,94.15
29-04-2017 16:00,30-04-2017 00:00,28.11,731.6,73.89,49.42,144.95,42.59,321.57,30.85,58.09,29.77,125.99
30-04-2017 00:00,30-04-2017 08:00,23.99,731.24,3.15,27.29,28.61,20.45,231.31,39.47,46.37,16.23,103.06
30-04-2017 08:00,30-04-2017 16:00,33.08,732.27,1.21,17.68,17.38,193.96,179.38,24.33,36.77,360.49,78.19
30-04-2017 16:00,01-05-2017 00:00,30.5,732.69,5.07,47.09,48.89,57.99,196.36,29.27,44.23,31.68,84.75
01-05-2017 00:00,01-05-2017 08:00,24.23,732.14,7.25,27.01,33.96,24.64,164.76,38.91,63.74,38.66,79.04
01-05-2017 08:00,01-05-2017 16:00,35.72,732.75,2.55,24.06,24.9,157.08,140.86,15.77,47.24,368.38,68.95
01-05-2017 16:00,02-05-2017 00:00,28.34,732.82,119.3,60.16,216.53,45.67,328.63,28.72,52.04,27.47,132.13
02-05-2017 00:00,02-05-2017 08:00,22.47,732,129.36,50.71,221.85,7.02,224.18,45.93,34.16,36.9,114.32
02-05-2017 08:00,02-05-2017 16:00,38.09,732.86,10.14,41.38,50.7, ,216.65,11.74,35.63,351.05,102.7
02-05-2017 16:00,03-05-2017 00:00,30.38,732.98,137.45,82.63,261.33,43.92,377.55,27.44,57,29.74,155.74
03-05-2017 00:00,03-05-2017 08:00,24.49,732.19,65.92,60.01,143.45,7.29,322.85,43.25,68.37,26.1,165.03
03-05-2017 08:00,03-05-2017 16:00,34.54,732.63,5.3,41.06,43.83,110.18,357.04,19.07,52.88,232.15,160.49
03-05-2017 16:00,04-05-2017 00:00,29.68,732.53,6.91,41.88,46.77,36.58,289.58,26.85,40.7,29.31,106.73
04-05-2017 00:00,04-05-2017 08:00,23.4,731.92,12.35,28.48,42.24,18.82,156.59,52.01,31.28,36.45,67
04-05-2017 08:00,04-05-2017 16:00,34.8,732.82,1.51,17.98,18.09,172.07,459.02,20.88,31.08,362.09,176.56
04-05-2017 16:00,05-05-2017 00:00,31.59,732.75,9.83,51.29,59.11,74.79,243.16,20.53,43.54,28.46,121.34
05-05-2017 00:00,05-05-2017 08:00,24.4,731.62,14.4,54.91,68.6,14.23,617.25,42.63,47.73,35.48,284.2
05-05-2017 08:00,05-05-2017 16:00,37.28,732.72,0.69,22.86,21.31, ,406.27,16.54,48.63,356.12,190.03
05-05-2017 16:00,06-05-2017 00:00,31.28,733.12,111.37,55.46,201.5,75.09,325.38,26.73,50.79,30.33,143.14
06-05-2017 00:00,06-05-2017 08:00,24.55,732.21,164.85,59.84,278.45,9.61,332.99,46.74,37.38,35.14,166.54
06-05-2017 08:00,06-05-2017 16:00,39.46,733.14,1.75,26.07,25.58, ,252.09,14.05,48.47,348.13,137.85
06-05-2017 16:00,07-05-2017 00:00,32.2,732.78,137.04,78.14,256.78,61.45,379.86,31.12,58.99,31.41,168.55
07-05-2017 00:00,07-05-2017 08:00,25.58,732.26,151.77,60.59,261.27,16.94,338.42,45.74,46.65,33.04,180.69
07-05-2017 08:00,07-05-2017 16:00,41.18,732.66,1.48,25.92,25.13, ,239.55,12.66,50.69,345.07,131.42
07-05-2017 16:00,08-05-2017 00:00,33.65,732.62,131.92,62.19,235.57,59.79,407.02,28.21,56.08,31.11,164.95
08-05-2017 00:00,08-05-2017 08:00,29.49,732.29,28.11,39.8,73.87,11.05,299.34,27.25,38.43,32.27,127.85
08-05-2017 08:00,08-05-2017 16:00,39.73,733.16,1.76,34.39,33.04, ,357.88,16.94,66.61,330.25,185.6
08-05-2017 16:00,09-05-2017 00:00,34.25,733.2,36.44,78.4,119.62,84.02,594.28,29,49.38,27.88,246.12
09-05-2017 00:00,09-05-2017 08:00,28.43,732.38,6.83,28.93,35.1,21.29,247.15,34.88,37.2,35.23,89.78
09-05-2017 08:00,09-05-2017 16:00,38.95,732.67,0.74,15.84,15.12,166.76,304.1,19.59,34.74,346.15,113.21
09-05-2017 16:00,10-05-2017 00:00,34.37,732.57,2.85,44.29,43.31,72.56,293.49,30.62,47.14,26.7,108.58
10-05-2017 00:00,10-05-2017 08:00,27.65,732.31,0.51,16.51,15.4,70.8,155.68,48.01,42.78,36.07,68.12
10-05-2017 08:00,10-05-2017 16:00,35.19,733.34,0.55,15.72,14.75,162.19,147.52,32.92,40.32,359.5,93.03
10-05-2017 16:00,11-05-2017 00:00,31.59,732.57,0.31,23.04,20.93,69.33,185.28,33.68,36.9,28.49,98.3
11-05-2017 00:00,11-05-2017 08:00,27.74,732.16,6.41,30.26,35.72,22.79,163.43,41.86,40.28,33.32,72.67
11-05-2017 08:00,11-05-2017 16:00,37.81,732.56,2.35,28.23,28.35,171.76,197.34,26.65,61.12,354.7,97.39
11-05-2017 16:00,12-05-2017 00:00,33.67,732.32,39.14,59.77,106.7,82.28,344.3,29.12,49.14,32.38,145.25
12-05-2017 00:00,12-05-2017 08:00,29.17,732.03,3.31,27.31,28.84,31.22,712.28,36.5,40.27,23.19,292.21
12-05-2017 08:00,12-05-2017 16:00,38.16,732.5,1.46,28.77,27.61, ,562.97,24.06,55.24,317.89,244.55
12-05-2017 16:00,13-05-2017 00:00,32.42,732.04,47.28,63.79,121.4,59.68,356.67,35.53,56.37,35.73,159.16
13-05-2017 00:00,13-05-2017 08:00,27.7,731.83,51.24,58.04,121.69,19.41,341.76,49.22,62.31,32.56,171.88
13-05-2017 08:00,13-05-2017 16:00,39.87,732.72,1.05,23.02,21.95,199.23,249.04,19.34,49.14,342.69,142.88
13-05-2017 16:00,14-05-2017 00:00,34.84,732.22,33.2,53.74,93.22,63.28,220.17,23.86,44.86,31.46,130.82
14-05-2017 00:00,14-05-2017 08:00,28.99,732.06,23.34,43.92,70.99,13.46,291.61,35.11,52.28,38.03,143.6
14-05-2017 08:00,14-05-2017 16:00,41.39,732.44,0.97,19.09,18.32,180.6,216.65,14.5,42.96,340.35,105.21
14-05-2017 16:00,15-05-2017 00:00,34.79,732.3,51.35,45.66,110.82,58.7,258.42,24.65,48.3,30.52,104.08
15-05-2017 00:00,15-05-2017 08:00,29.3,731.99,48.4,40.5,102.2,11.31,305.48,33.01,38.8,41.76,142.55
15-05-2017 08:00,15-05-2017 16:00,41.3,732.52,1.05,15.18,14.95,112.97,241.83,11.53,29.72,356.93,77.64
15-05-2017 16:00,16-05-2017 00:00,34.92,732.32,89.62,52.65,169.33,43.72,262.27,22.39,50.74,29.95,105.1
16-05-2017 00:00,16-05-2017 08:00,30.18,731.92,3.99,27.55,29.98,41.43,385.81,29.54,43.63,30.38,162.22
16-05-2017 08:00,16-05-2017 16:00,37.78,732.28,0.82,18.4,17.48,131.3,388.75,22.34,36.76,346.66,181.63
16-05-2017 16:00,17-05-2017 00:00,34.99,732.32,3.37,33.8,34.72,113.73,224.85,23.99,36.71,30.04,83.37
17-05-2017 00:00,17-05-2017 08:00,26.59,731.8,0.55,20.46,18.96, ,131.49,41.1,28.08,14.24,48.08
17-05-2017 08:00,17-05-2017 16:00,32.11,732.03,2.44,26.2,26.68, ,214.8,32.86,34.78,278.88,80.65
17-05-2017 16:00,18-05-2017 00:00,31.18,731.83,1.98,39.76,38.1, , ,34.56,45.57,32.04,92.42
18-05-2017 00:00,18-05-2017 08:00,26.76,731.83,2.25,31.6,31.22, , ,45.22,60.6,41.52,88.18
18-05-2017 08:00,18-05-2017 16:00,36.57,732.08,0.33,15.07,13.86, , ,24.44,38.2,305.26,82.98
18-05-2017 16:00,19-05-2017 00:00,33.24,732.07,10.84,63.03,70.98,50.24,260.78,31.8,62.83,30.45,120.89
19-05-2017 00:00,19-05-2017 08:00,28.14,732.13,5.7,34.93,38.88,45.13,216.79,46.72,54.8,24.95,110.58
19-05-2017 08:00,19-05-2017 16:00,36.88,732.79,2.5,21.77,22.75,140.39,115.23,23.97,27.56,306.95,68.92
19-05-2017 16:00,20-05-2017 00:00,29.18,732.41,5.41,31.34,35.3,47.01,261.95,34.21,31.18,20.68,87.05
20-05-2017 00:00,20-05-2017 08:00,28.02,731.99,2.53,24.43,25.23,43.68,329.04,35.11,27.07,48.02,113.44
20-05-2017 08:00,20-05-2017 16:00,34.42,732.51,1.51,23.23,22.72,139.41,275.85,26.14,36.73,285.57,116.53
20-05-2017 16:00,21-05-2017 00:00,31.06,732.26,73.15,54.24,148.23,62.28,313.96,33.95,39.91,33.05,123.22
21-05-2017 00:00,21-05-2017 08:00,26.55,731.97,63.6,42.65,124.84,15.98,379.43,43.46,36.72,32.24,154.46
21-05-2017 08:00,21-05-2017 16:00,36.25,732.59,0.51,15.01,14.07,145.92,650.72,25.15,32.84,348.81,237.85
21-05-2017 16:00,22-05-2017 00:00,24.93,731.96,10.65,34.95,45.68,127.69,250.18,59.32,33.34,14.06,107.6
22-05-2017 00:00,22-05-2017 08:00,23.2,731.86,6.44,29.06,34.68, ,176.06,58.66,34.37,15.79,88.67
22-05-2017 08:00,22-05-2017 16:00,25.2,731.95,13.02,36.81,50.58, ,358.52,51.82,32.98,106.71,140.83
22-05-2017 16:00,23-05-2017 00:00,24.07,732.04,55.56,52.6,122.71, ,428.61,58.4,36.08,16.67,178.68
23-05-2017 00:00,23-05-2017 08:00,23.19,732.18,38.54,50.25,97.49, ,310.7,61.04,55.46,45.41,147.58
23-05-2017 08:00,23-05-2017 16:00,36.73,732.55,3.61,30.46,31.56, ,187.72,25.21,40.73,344.25,94.23
23-05-2017 16:00,24-05-2017 00:00,31.2,732.39,63.39,61.44,141.29, ,212.5,38.58,40.24,33.67,100.54
24-05-2017 00:00,24-05-2017 08:00,26.2,732.26,18.74,48.82,69.09, ,233.67,55.96,37.22,37.11,127.78
24-05-2017 08:00,24-05-2017 16:00,37.46,732.49,1.27,28.72,27.32, ,205.73,26.55,43.9,348.02,105.22
24-05-2017 16:00,25-05-2017 00:00,34.07,732.33,8.86,61.91,67.26, ,221.12,31.78,42.23,35.46,99.41
25-05-2017 00:00,25-05-2017 08:00,28.88,732.08,4.42,31.77,34.33, ,146.29,36.23,28.42,29.34,60.5
25-05-2017 08:00,25-05-2017 16:00,39.53,732.83,1.12,27.76,26.24, ,190.8,22.03,48.38,344.3,104
25-05-2017 16:00,26-05-2017 00:00,33.83,732.02,37.54,74.44,117.58,74.7,278.82,34.43,49.98,32.35,130.12
26-05-2017 00:00,26-05-2017 08:00,29.34,732.11,4.9,48.92,50.26,21.34,222.08,44.01,46.61,37.78,123.27
26-05-2017 08:00,26-05-2017 16:00,41.87,732.26,0.66,21.29,19.85,197.2,193.52,18.67,38.93,347,94.86
26-05-2017 16:00,27-05-2017 00:00,36,731.82,4.77,48.85,50.02,103.08,232.32,24.62,37.9,30.55,118.69
27-05-2017 00:00,27-05-2017 08:00,28.56,731.84,0.14,18.28,16.47,103.15,258.94,39.21,42.34,39.16,95.59
27-05-2017 08:00,27-05-2017 16:00,35.87,732.44,0.79,20.86,19.66,144.31,268.11,35.45,46.44,365.32,99.37
27-05-2017 16:00,28-05-2017 00:00,32.66,731.98,0.82,26.66,24.86,115.39,232.75,39.72,36.25,35.84,85.02
28-05-2017 00:00,28-05-2017 08:00,25.38,731.98,0.46,14.28,13.33,77.76,96.01,62.3,38.77,25.33,47.01
28-05-2017 08:00,28-05-2017 16:00,31.47,732.19,1.28,18.27,18.04,105.78,67.43,44.48,33.31,374.3,42.97
28-05-2017 16:00,29-05-2017 00:00,30.29,732.03,1.03,29.46,27.66,98.38,95.27,45.91,30.96,38.28,51.82
29-05-2017 00:00,29-05-2017 08:00,23.69,732.06,0.25,13.21,12.11,73.14,63.29,66.79,27.04,7.44,41.42
29-05-2017 08:00,29-05-2017 16:00,27.86,731.96,3.21,30.36,31.45,66.58,95.56,55.49,29.03,329.95,57.77
29-05-2017 16:00,30-05-2017 00:00,27.5,732.03,3.63,43.9,44.07,36.43,110.03,55.75,32.64,35.17,63.12
30-05-2017 00:00,30-05-2017 08:00,24.49,732.02,2.39,29.87,29.89, ,114.76,68.4,32.35,45.35,72.32
30-05-2017 08:00,30-05-2017 16:00,34.72,732.57,3.24,26.88,28.4,166.6,80.68,35.47,48.14,369.41,89.15
30-05-2017 16:00,31-05-2017 00:00,31.14,732.21,4.29,66.88,65.44,117.04,107.27,41.59,36.93,38.51,58.65
31-05-2017 00:00,31-05-2017 08:00,25.91,731.89,3.89,28.65,30.85,81.74,67.5,59.41,35.67,46.66,46.69
31-05-2017 08:00,31-05-2017 16:00,27.57,732.03,7.38,58.27,62.03,9.67,101.57,62.07,40.45,229.43,53.75
31-05-2017 16:00,01-06-2017 00:00,25.36,732.79,42.71,106.33,153.14,8.24,136.36,65.53,40.26,33.11,84.08
01-06-2017 00:00,01-06-2017 08:00,23.9,732.77,27.27,69.1,98.8,10.4,128.93,73.67,31.38,41.1,81.82
01-06-2017 08:00,01-06-2017 16:00,34.69,733.52,5.28,53.38,54.78,54.91,153.92,36.17,43.13,360.4,108.2
01-06-2017 16:00,02-06-2017 00:00,30.98,733.54,17.16,120.45,130.75,46.87,156.82,44.17,28.29,36.52,93.53
02-06-2017 00:00,02-06-2017 08:00,26,732.91,18.45,94.94,109.76,11.5,251.81,60.57,45.16,44.32,150.96
02-06-2017 08:00,02-06-2017 16:00,38.19,733.64,4.27,39.08,40.68,151.34,234.28,23.33,31.53,364.99,118.38
02-06-2017 16:00,03-06-2017 00:00,33.53,734.28,96.73,134.33,251.8,67.67,296.16,32.59,34.53,40.39,133.93
03-06-2017 00:00,03-06-2017 08:00,28.96,732.93,42.34,104.03,150.52,8.38,270.51,47.17,30.02,43.23,137.24
03-06-2017 08:00,03-06-2017 16:00,40.73,733.38,4.32,35.01,37.1,179.79,240.45,19.74,27.55,354.74,139.43
03-06-2017 16:00,04-06-2017 00:00,36.1,733.32,89.13,111,220.62,57.64,298.5,24.64,34.68,36.62,132
04-06-2017 00:00,04-06-2017 08:00,30.75,732.72,42.07,76.45,125.57,12.75,379.7,33.34,38,41.99,173.58
04-06-2017 08:00,04-06-2017 16:00,42.65,733.46,4.37,27.45,30.43,134.88,297.1,15.04,20.33,352.5,128.12
04-06-2017 16:00,05-06-2017 00:00,39.5,733.4,12.43,64.08,74.04,50.97,342.98,16.35,21.31,41.6,135.92
05-06-2017 00:00,05-06-2017 08:00,33.97,733.14,5.06,37.82,40.6,29.83,205.76,30.85,21.17,39.31,88.65
05-06-2017 08:00,05-06-2017 16:00,41.32,733.14,5.38,21.85,26.82,81.57,258.54,23.5,22.38,353.54,96
05-06-2017 16:00,06-06-2017 00:00,38.29,733.11,44.38,70.61,123.51,44.01,240.58,22.76,27.23,36.97,97.29
06-06-2017 00:00,06-06-2017 08:00,33.65,733.14,6.43,37.78,42.45,29.31,189.63,34.3,20.76,33.14,84.44
06-06-2017 08:00,06-06-2017 16:00,39.43,733.27,5.02,16.32,21.4,46.9,320.92,27.85,22.11,347.65,127.2
06-06-2017 16:00,07-06-2017 00:00,35.06,733.23,5.58,39.96,43.21,4.03,238.76,37.15,23.36,38.42,101.27
07-06-2017 00:00,07-06-2017 08:00,26.51,732.81,4.11,19.75,23.22,3.83,133.74,58.51,27.07,24.98,63.81
07-06-2017 08:00,07-06-2017 16:00,23.53, ,7.9,28.93,36.59,35.26,105.8,37.95,30.03,250.15,44.38
07-06-2017 16:00,08-06-2017 00:00, , , , ,0, , , , , , 
08-06-2017 00:00,08-06-2017 08:00, , , , ,0, , , , , , 
08-06-2017 08:00,08-06-2017 16:00, , , , ,0, , , , , , 
08-06-2017 16:00,09-06-2017 00:00, , , , ,0, , , , , , 
09-06-2017 00:00,09-06-2017 08:00, , , , ,0, , , , , , 
09-06-2017 08:00,09-06-2017 16:00, , , , ,0, , , , , , 
09-06-2017 16:00,10-06-2017 00:00, , , , ,0, , , , , , 
10-06-2017 00:00,10-06-2017 08:00, , , , ,0, , , , , , 
10-06-2017 08:00,10-06-2017 16:00, , , , ,0, , , , , , 
10-06-2017 16:00,11-06-2017 00:00, , , , ,0, , , , , , 
11-06-2017 00:00,11-06-2017 08:00, , , , ,0, , , , , , 
11-06-2017 08:00,11-06-2017 16:00, , , , ,0, , , , , , 
11-06-2017 16:00,12-06-2017 00:00, , , , ,0, , , , , , 
12-06-2017 00:00,12-06-2017 08:00, , , , ,0, , , , , , 
12-06-2017 08:00,12-06-2017 16:00, , , , ,0, , , , , , 
12-06-2017 16:00,13-06-2017 00:00, , , , ,0, , , , , , 
13-06-2017 00:00,13-06-2017 08:00, , , , ,0, , , , , , 
13-06-2017 08:00,13-06-2017 16:00, , , , ,0, , , , , , 
13-06-2017 16:00,14-06-2017 00:00, , , , ,0, , , , , , 
14-06-2017 00:00,14-06-2017 08:00, , , , ,0, , , , , , 
14-06-2017 08:00,14-06-2017 16:00, , , , ,0, , , , , , 
14-06-2017 16:00,15-06-2017 00:00, , , , ,0, , , , , , 
15-06-2017 00:00,15-06-2017 08:00, , , , ,0, , , , , , 
15-06-2017 08:00,15-06-2017 16:00, , , , ,0, , , , , , 
15-06-2017 16:00,16-06-2017 00:00, , , , ,0, , , , , , 
16-06-2017 00:00,16-06-2017 08:00, , , , ,0, , , , , , 
16-06-2017 08:00,16-06-2017 16:00, , , , ,0, , , , , , 
16-06-2017 16:00,17-06-2017 00:00, , , , ,0, , , , , , 
17-06-2017 00:00,17-06-2017 08:00, , , , ,0, , , , , , 
17-06-2017 08:00,17-06-2017 16:00, , , , ,0, , , , , , 
17-06-2017 16:00,18-06-2017 00:00, , , , ,0, , , , , , 
18-06-2017 00:00,18-06-2017 08:00, , , , ,0, , , , , , 
18-06-2017 08:00,18-06-2017 16:00, , , , ,0, , , , , , 
18-06-2017 16:00,19-06-2017 00:00, , , , ,0, , , , , , 
19-06-2017 00:00,19-06-2017 08:00, , , , ,0, , , , , , 
19-06-2017 08:00,19-06-2017 16:00, , , , ,0, , , , , , 
19-06-2017 16:00,20-06-2017 00:00, , , , ,0, , , , , , 
20-06-2017 00:00,20-06-2017 08:00, , , , ,0, , , , , , 
20-06-2017 08:00,20-06-2017 16:00, , , , ,0, , , , , , 
20-06-2017 16:00,21-06-2017 00:00, , , , ,0, , , , , , 
21-06-2017 00:00,21-06-2017 08:00, , , , ,0, , , , , , 
21-06-2017 08:00,21-06-2017 16:00, , , , ,0, , , , , , 
21-06-2017 16:00,22-06-2017 00:00, , , , ,0, , , , , , 
22-06-2017 00:00,22-06-2017 08:00, , , , ,0, , , , , , 
22-06-2017 08:00,22-06-2017 16:00, , , , ,0, , , , , , 
22-06-2017 16:00,23-06-2017 00:00, , , , ,0, , , , , , 
23-06-2017 00:00,23-06-2017 08:00, , , , ,0, , , , , , 
23-06-2017 08:00,23-06-2017 16:00, , , , ,0, , , , , , 
23-06-2017 16:00,24-06-2017 00:00, , , , ,0, , , , , , 
24-06-2017 00:00,24-06-2017 08:00, , , , ,0, , , , , , 
24-06-2017 08:00,24-06-2017 16:00, , , , ,0, , , , , , 
24-06-2017 16:00,25-06-2017 00:00, , , , ,0, , , , , , 
25-06-2017 00:00,25-06-2017 08:00, , , , ,0, , , , , , 
25-06-2017 08:00,25-06-2017 16:00, , , , ,0, , , , , , 
25-06-2017 16:00,26-06-2017 00:00, , , , ,0, , , , , , 
26-06-2017 00:00,26-06-2017 08:00, , , , ,0, , , , , , 
26-06-2017 08:00,26-06-2017 16:00, , , , ,0, , , , , , 
26-06-2017 16:00,27-06-2017 00:00, , , , ,0, , , , , , 
27-06-2017 00:00,27-06-2017 08:00, , , , ,0, , , , , , 
27-06-2017 08:00,27-06-2017 16:00, , , , ,0, , , , , , 
27-06-2017 16:00,28-06-2017 00:00, , , , ,0, , , , , , 
28-06-2017 00:00,28-06-2017 08:00, , , , ,0, , , , , , 
28-06-2017 08:00,28-06-2017 16:00, , , , ,0, , , , , , 
28-06-2017 16:00,29-06-2017 00:00, , , , ,0, , , , , , 
29-06-2017 00:00,29-06-2017 08:00, , , , ,0, , , , , , 
29-06-2017 08:00,29-06-2017 16:00, , , , ,0, , , , , , 
29-06-2017 16:00,30-06-2017 00:00, , , , ,0, , , , , , 
30-06-2017 00:00,30-06-2017 08:00, , , , ,0, , , , , , 
30-06-2017 08:00,30-06-2017 16:00, , , , ,0, , , , , , 
30-06-2017 16:00,01-07-2017 00:00, , , , ,0, , , , , , 
01-07-2017 00:00,01-07-2017 08:00, , , , ,0, , , , , , 
01-07-2017 08:00,01-07-2017 16:00, , , , ,0, , , , , , 
01-07-2017 16:00,02-07-2017 00:00, , , , ,0, , , , , , 
02-07-2017 00:00,02-07-2017 08:00, , , , ,0, , , , , , 
02-07-2017 08:00,02-07-2017 16:00, , , , ,0, , , , , , 
02-07-2017 16:00,03-07-2017 00:00, , , , ,0, , , , , , 
03-07-2017 00:00,03-07-2017 08:00, , , , ,0, , , , , , 
03-07-2017 08:00,03-07-2017 16:00, , , , ,0, , , , , , 
03-07-2017 16:00,04-07-2017 00:00, , , , ,0, , , , , , 
04-07-2017 00:00,04-07-2017 08:00, , , , ,0, , , , , , 
04-07-2017 08:00,04-07-2017 16:00, , , , ,0, , , , , , 
04-07-2017 16:00,05-07-2017 00:00, , , , ,0, , , , , , 
05-07-2017 00:00,05-07-2017 08:00, , , , ,0, , , , , , 
05-07-2017 08:00,05-07-2017 16:00, , , , ,0, , , , , , 
05-07-2017 16:00,06-07-2017 00:00, , , , ,0, , , , , , 
06-07-2017 00:00,06-07-2017 08:00, , , , ,0, , , , , , 
06-07-2017 08:00,06-07-2017 16:00, , , , ,0, , , , , , 
06-07-2017 16:00,07-07-2017 00:00, , , , ,0, , , , , , 
07-07-2017 00:00,07-07-2017 08:00, , , , ,0, , , , , , 
07-07-2017 08:00,07-07-2017 16:00, , , , ,0, , , , , , 
07-07-2017 16:00,08-07-2017 00:00, , , , ,0, , , , , , 
08-07-2017 00:00,08-07-2017 08:00, , , , ,0, , , , , , 
08-07-2017 08:00,08-07-2017 16:00, , , , ,0, , , , , , 
08-07-2017 16:00,09-07-2017 00:00, , , , ,0, , , , , , 
09-07-2017 00:00,09-07-2017 08:00, , , , ,0, , , , , , 
09-07-2017 08:00,09-07-2017 16:00, , , , ,0, , , , , , 
09-07-2017 16:00,10-07-2017 00:00, , , , ,0, , , , , , 
10-07-2017 00:00,10-07-2017 08:00, , , , ,0, , , , , , 
10-07-2017 08:00,10-07-2017 16:00, , , , ,0, , , , , , 
10-07-2017 16:00,11-07-2017 00:00, , , , ,0, , , , , , 
11-07-2017 00:00,11-07-2017 08:00, , , , ,0, , , , , , 
11-07-2017 08:00,11-07-2017 16:00, , , , ,0, , , , , , 
11-07-2017 16:00,12-07-2017 00:00, , , , ,0, , , , , , 
12-07-2017 00:00,12-07-2017 08:00, , , , ,0, , , , , , 
12-07-2017 08:00,12-07-2017 16:00, , , , ,0, , , , , , 
12-07-2017 16:00,13-07-2017 00:00, , , , ,0, , , , , , 
13-07-2017 00:00,13-07-2017 08:00, , , , ,0, , , , , , 
13-07-2017 08:00,13-07-2017 16:00, , , , ,0, , , , , , 
13-07-2017 16:00,14-07-2017 00:00, , , , ,0, , , , , , 
14-07-2017 00:00,14-07-2017 08:00, , , , ,0, , , , , , 
14-07-2017 08:00,14-07-2017 16:00, , , , ,0, , , , , , 
14-07-2017 16:00,15-07-2017 00:00, , , , ,0, , , , , , 
15-07-2017 00:00,15-07-2017 08:00, , , , ,0, , , , , , 
15-07-2017 08:00,15-07-2017 16:00, , , , ,0, , , , , , 
15-07-2017 16:00,16-07-2017 00:00, , , , ,0, , , , , , 
16-07-2017 00:00,16-07-2017 08:00, , , , ,0, , , , , , 
16-07-2017 08:00,16-07-2017 16:00, , , , ,0, , , , , , 
16-07-2017 16:00,17-07-2017 00:00, , , , ,0, , , , , , 
17-07-2017 00:00,17-07-2017 08:00, , , , ,0, , , , , , 
17-07-2017 08:00,17-07-2017 16:00, , , , ,0, , , , , , 
17-07-2017 16:00,18-07-2017 00:00, , , , ,0, , , , , , 
18-07-2017 00:00,18-07-2017 08:00, , , , ,0, , , , , , 
18-07-2017 08:00,18-07-2017 16:00, , , , ,0, , , , , , 
18-07-2017 16:00,19-07-2017 00:00, , , , ,0, , , , , , 
19-07-2017 00:00,19-07-2017 08:00, , , , ,0, , , , , , 
19-07-2017 08:00,19-07-2017 16:00, , , , ,0, , , , , , 
19-07-2017 16:00,20-07-2017 00:00, , , , ,0, , , , , , 
20-07-2017 00:00,20-07-2017 08:00, , , , ,0, , , , , , 
20-07-2017 08:00,20-07-2017 16:00, , , , ,0, , , , , , 
20-07-2017 16:00,21-07-2017 00:00, , , , ,0, , , , , , 
21-07-2017 00:00,21-07-2017 08:00, , , , ,0, , , , , , 
21-07-2017 08:00,21-07-2017 16:00, , , , ,0, , , , , , 
21-07-2017 16:00,22-07-2017 00:00, , , , ,0, , , , , , 
22-07-2017 00:00,22-07-2017 08:00, , , , ,0, , , , , , 
22-07-2017 08:00,22-07-2017 16:00, , , , ,0, , , , , , 
22-07-2017 16:00,23-07-2017 00:00, , , , ,0, , , , , , 
23-07-2017 00:00,23-07-2017 08:00, , , , ,0, , , , , , 
23-07-2017 08:00,23-07-2017 16:00, , , , ,0, , , , , , 
23-07-2017 16:00,24-07-2017 00:00, , , , ,0, , , , , , 
24-07-2017 00:00,24-07-2017 08:00, , , , ,0, , , , , , 
24-07-2017 08:00,24-07-2017 16:00, , , , ,0, , , , , , 
24-07-2017 16:00,25-07-2017 00:00, , , , ,0, , , , , , 
25-07-2017 00:00,25-07-2017 08:00, , , , ,0, , , , , , 
25-07-2017 08:00,25-07-2017 16:00, , , , ,0, , , , , , 
25-07-2017 16:00,26-07-2017 00:00, , , , ,0, , , , , , 
26-07-2017 00:00,26-07-2017 08:00, , , , ,0, , , , , , 
26-07-2017 08:00,26-07-2017 16:00, , , , ,0, , , , , , 
26-07-2017 16:00,27-07-2017 00:00, , , , ,0, , , , , , 
27-07-2017 00:00,27-07-2017 08:00, , , , ,0, , , , , , 
27-07-2017 08:00,27-07-2017 16:00, , , , ,0, , , , , , 
27-07-2017 16:00,28-07-2017 00:00, , , , ,0, , , , , , 
28-07-2017 00:00,28-07-2017 08:00, , , , ,0, , , , , , 
28-07-2017 08:00,28-07-2017 16:00, , , , ,0, , , , , , 
28-07-2017 16:00,29-07-2017 00:00, , , , ,0, , , , , , 
29-07-2017 00:00,29-07-2017 08:00, , , , ,0, , , , , , 
29-07-2017 08:00,29-07-2017 16:00, , , , ,0, , , , , , 
29-07-2017 16:00,30-07-2017 00:00, , , , ,0, , , , , , 
30-07-2017 00:00,30-07-2017 08:00, , , , ,0, , , , , , 
30-07-2017 08:00,30-07-2017 16:00, , , , ,0, , , , , , 
30-07-2017 16:00,31-07-2017 00:00, , , , ,0, , , , , , 
31-07-2017 00:00,31-07-2017 08:00, , , , ,0, , , , , , 
31-07-2017 08:00,31-07-2017 16:00, , , , ,0, , , , , , 
31-07-2017 16:00,01-08-2017 00:00, , , , ,0, , , , , , 
01-08-2017 00:00,01-08-2017 08:00, , , , ,0, , , , , , 
01-08-2017 08:00,01-08-2017 16:00, , , , ,0, , , , , , 
01-08-2017 16:00,02-08-2017 00:00, , , , ,0, , , , , , 
02-08-2017 00:00,02-08-2017 08:00, , , , ,0, , , , , , 
02-08-2017 08:00,02-08-2017 16:00, , , , ,0, , , , , , 
02-08-2017 16:00,03-08-2017 00:00, , , , ,0, , , , , , 
03-08-2017 00:00,03-08-2017 08:00, , , , ,0, , , , , , 
03-08-2017 08:00,03-08-2017 16:00, , , , ,0, , , , , , 
03-08-2017 16:00,04-08-2017 00:00, , , , ,0, , , , , , 
04-08-2017 00:00,04-08-2017 08:00, , , , ,0, , , , , , 
04-08-2017 08:00,04-08-2017 16:00, , , , ,0, , , , , , 
04-08-2017 16:00,05-08-2017 00:00, , , , ,0, , , , , , 
05-08-2017 00:00,05-08-2017 08:00, , , , ,0, , , , , , 
05-08-2017 08:00,05-08-2017 16:00, , , , ,0, , , , , , 
05-08-2017 16:00,06-08-2017 00:00, , , , ,0, , , , , , 
06-08-2017 00:00,06-08-2017 08:00, , , , ,0, , , , , , 
06-08-2017 08:00,06-08-2017 16:00, , , , ,0, , , , , , 
06-08-2017 16:00,07-08-2017 00:00, , , , ,0, , , , , , 
07-08-2017 00:00,07-08-2017 08:00, , , , ,0, , , , , , 
07-08-2017 08:00,07-08-2017 16:00, , , , ,0, , , , , , 
07-08-2017 16:00,08-08-2017 00:00, , , , ,0, , , , , , 
08-08-2017 00:00,08-08-2017 08:00, , , , ,0, , , , , , 
08-08-2017 08:00,08-08-2017 16:00, , , , ,0, , , , , , 
08-08-2017 16:00,09-08-2017 00:00, , , , ,0, , , , , , 
09-08-2017 00:00,09-08-2017 08:00, , , , ,0, , , , , , 
09-08-2017 08:00,09-08-2017 16:00, , , , ,0, , , , , , 
09-08-2017 16:00,10-08-2017 00:00, , , , ,0, , , , , , 
10-08-2017 00:00,10-08-2017 08:00, , , , ,0, , , , , , 
10-08-2017 08:00,10-08-2017 16:00, , , , ,0, , , , , , 
10-08-2017 16:00,11-08-2017 00:00, , , , ,0, , , , , , 
11-08-2017 00:00,11-08-2017 08:00, , , , ,0, , , , , , 
11-08-2017 08:00,11-08-2017 16:00, , , , ,0, , , , , , 
11-08-2017 16:00,12-08-2017 00:00, , , , ,0, , , , , , 
12-08-2017 00:00,12-08-2017 08:00, , , , ,0, , , , , , 
12-08-2017 08:00,12-08-2017 16:00, , , , ,0, , , , , , 
12-08-2017 16:00,13-08-2017 00:00, , , , ,0, , , , , , 
13-08-2017 00:00,13-08-2017 08:00, , , , ,0, , , , , , 
13-08-2017 08:00,13-08-2017 16:00, , , , ,0, , , , , , 
13-08-2017 16:00,14-08-2017 00:00, , , , ,0, , , , , , 
14-08-2017 00:00,14-08-2017 08:00, , , , ,0, , , , , , 
14-08-2017 08:00,14-08-2017 16:00, , , , ,0, , , , , , 
14-08-2017 16:00,15-08-2017 00:00, , , , ,0, , , , , , 
15-08-2017 00:00,15-08-2017 08:00, , , , ,0, , , , , , 
15-08-2017 08:00,15-08-2017 16:00, , , , ,0, , , , , , 
15-08-2017 16:00,16-08-2017 00:00, , , , ,0, , , , , , 
16-08-2017 00:00,16-08-2017 08:00, , , , ,0, , , , , , 
16-08-2017 08:00,16-08-2017 16:00, , , , ,0, , , , , , 
16-08-2017 16:00,17-08-2017 00:00, , , , ,0, , , , , , 
17-08-2017 00:00,17-08-2017 08:00, , , , ,0, , , , , , 
17-08-2017 08:00,17-08-2017 16:00, , , , ,0, , , , , , 
17-08-2017 16:00,18-08-2017 00:00, , , , ,0, , , , , , 
18-08-2017 00:00,18-08-2017 08:00, , , , ,0, , , , , , 
18-08-2017 08:00,18-08-2017 16:00, , , , ,0, , , , , , 
18-08-2017 16:00,19-08-2017 00:00, , , , ,0, , , , , , 
19-08-2017 00:00,19-08-2017 08:00, , , , ,0, , , , , , 
19-08-2017 08:00,19-08-2017 16:00, , , , ,0, , , , , , 
19-08-2017 16:00,20-08-2017 00:00, , , , ,0, , , , , , 
20-08-2017 00:00,20-08-2017 08:00, , , , ,0, , , , , , 
20-08-2017 08:00,20-08-2017 16:00, , , , ,0, , , , , , 
20-08-2017 16:00,21-08-2017 00:00, , , , ,0, , , , , , 
21-08-2017 00:00,21-08-2017 08:00, , , , ,0, , , , , , 
21-08-2017 08:00,21-08-2017 16:00, , , , ,0, , , , , , 
21-08-2017 16:00,22-08-2017 00:00, , , , ,0, , , , , , 
22-08-2017 00:00,22-08-2017 08:00, , , , ,0, , , , , , 
22-08-2017 08:00,22-08-2017 16:00, , , , ,0, , , , , , 
22-08-2017 16:00,23-08-2017 00:00, , , , ,0, , , , , , 
23-08-2017 00:00,23-08-2017 08:00, , , , ,0, , , , , , 
23-08-2017 08:00,23-08-2017 16:00, , , , ,0, , , , , , 
23-08-2017 16:00,24-08-2017 00:00, , , , ,0, , , , , , 
24-08-2017 00:00,24-08-2017 08:00, , , , ,0, , , , , , 
24-08-2017 08:00,24-08-2017 16:00, , , , ,0, , , , , , 
24-08-2017 16:00,25-08-2017 00:00, , , , , , , , , , , 
25-08-2017 00:00,25-08-2017 08:00, , , , , , , , , , , 
25-08-2017 08:00,25-08-2017 16:00, , , , ,0, , , , , , 
25-08-2017 16:00,26-08-2017 00:00, , , , ,0, , , , , , 
26-08-2017 00:00,26-08-2017 08:00, , , , ,0, , , , , , 
26-08-2017 08:00,26-08-2017 16:00, , , , ,0, , , , , , 
26-08-2017 16:00,27-08-2017 00:00, , , , ,0, , , , , , 
27-08-2017 00:00,27-08-2017 08:00, , , , ,0, , , , , , 
27-08-2017 08:00,27-08-2017 16:00, , , , ,0, , , , , , 
27-08-2017 16:00,28-08-2017 00:00, , , , ,0, , , , , , 
28-08-2017 00:00,28-08-2017 08:00, , , , ,0, , , , , , 
28-08-2017 08:00,28-08-2017 16:00, , , , ,0, , , , , , 
28-08-2017 16:00,29-08-2017 00:00, , , , ,0, , , , , , 
29-08-2017 00:00,29-08-2017 08:00, , , , ,0, , , , , , 
29-08-2017 08:00,29-08-2017 16:00, , , , ,0, , , , , , 
29-08-2017 16:00,30-08-2017 00:00, , , , ,0, , , , , , 
30-08-2017 00:00,30-08-2017 08:00, , , , ,0, , , , , , 
30-08-2017 08:00,30-08-2017 16:00, , , , ,0, , , , , , 
30-08-2017 16:00,31-08-2017 00:00, , , , ,0, , , , , , 
31-08-2017 00:00,31-08-2017 08:00, , , , ,0, , , , , , 
31-08-2017 08:00,31-08-2017 16:00, , , , ,0, , , , , , 
31-08-2017 16:00,01-09-2017 00:00, , , , ,0, , , , , , 
01-09-2017 00:00,01-09-2017 08:00, , , , ,0, , , , , , 
01-09-2017 08:00,01-09-2017 16:00, , , , ,0, , , , , , 
01-09-2017 16:00,02-09-2017 00:00, , , , ,0, , , , , , 
02-09-2017 00:00,02-09-2017 08:00, , , , , , , , , , , 
02-09-2017 08:00,02-09-2017 16:00, , , , , , , , , , , 
02-09-2017 16:00,03-09-2017 00:00, , , , , , , , , , , 
03-09-2017 00:00,03-09-2017 08:00, , , , , , , , , , , 
03-09-2017 08:00,03-09-2017 16:00, , , , ,0, , , , , , 
03-09-2017 16:00,04-09-2017 00:00, , , , ,0, , , , , , 
04-09-2017 00:00,04-09-2017 08:00, , , , ,0, , , , , , 
04-09-2017 08:00,04-09-2017 16:00, , , , ,0, , , , , , 
04-09-2017 16:00,05-09-2017 00:00, , , , ,0, , , , , , 
05-09-2017 00:00,05-09-2017 08:00, , , , ,0, , , , , , 
05-09-2017 08:00,05-09-2017 16:00, , , , ,0, , , , , , 
05-09-2017 16:00,06-09-2017 00:00, , , , ,0, , , , , , 
06-09-2017 00:00,06-09-2017 08:00, , , , ,0, , , , , , 
06-09-2017 08:00,06-09-2017 16:00, , , , ,0, , , , , , 
06-09-2017 16:00,07-09-2017 00:00, , , , ,0, , , , , , 
07-09-2017 00:00,07-09-2017 08:00, , , , ,0, , , , , , 
07-09-2017 08:00,07-09-2017 16:00, , , , ,0, , , , , , 
07-09-2017 16:00,08-09-2017 00:00, , , , ,0, , , , , , 
08-09-2017 00:00,08-09-2017 08:00, , , , ,0, , , , , , 
08-09-2017 08:00,08-09-2017 16:00, , , , ,0, , , , , , 
08-09-2017 16:00,09-09-2017 00:00, , , , ,0, , , , , , 
09-09-2017 00:00,09-09-2017 08:00, , , , ,0, , , , , , 
09-09-2017 08:00,09-09-2017 16:00, , , , ,0, , , , , , 
09-09-2017 16:00,10-09-2017 00:00, , , , ,0, , , , , , 
10-09-2017 00:00,10-09-2017 08:00, , , , ,0, , , , , , 
10-09-2017 08:00,10-09-2017 16:00, , , , ,0, , , , , , 
10-09-2017 16:00,11-09-2017 00:00, , , , ,0, , , , , , 
11-09-2017 00:00,11-09-2017 08:00, , , , ,0, , , , , , 
11-09-2017 08:00,11-09-2017 16:00, , , , ,0, , , , , , 
11-09-2017 16:00,12-09-2017 00:00, , , , ,0, , , , , , 
12-09-2017 00:00,12-09-2017 08:00, , , , ,0, , , , , , 
12-09-2017 08:00,12-09-2017 16:00, , , , ,0, , , , , , 
12-09-2017 16:00,13-09-2017 00:00, , , , ,0, , , , , , 
13-09-2017 00:00,13-09-2017 08:00, , , , ,0, , , , , , 
13-09-2017 08:00,13-09-2017 16:00, , , , ,0, , , , , , 
13-09-2017 16:00,14-09-2017 00:00, , , , ,0, , , , , , 
14-09-2017 00:00,14-09-2017 08:00, , , , ,0, , , , , , 
14-09-2017 08:00,14-09-2017 16:00, , , , ,0, , , , , , 
14-09-2017 16:00,15-09-2017 00:00, , , , ,0, , , , , , 
15-09-2017 00:00,15-09-2017 08:00, , , , ,0, , , , , , 
15-09-2017 08:00,15-09-2017 16:00, , , , ,0, , , , , , 
15-09-2017 16:00,16-09-2017 00:00, , , , ,0, , , , , , 
16-09-2017 00:00,16-09-2017 08:00, , , , ,0, , , , , , 
16-09-2017 08:00,16-09-2017 16:00, , , , ,0, , , , , , 
16-09-2017 16:00,17-09-2017 00:00, , , , ,0, , , , , , 
17-09-2017 00:00,17-09-2017 08:00, , , , ,0, , , , , , 
17-09-2017 08:00,17-09-2017 16:00, , , , ,0, , , , , , 
17-09-2017 16:00,18-09-2017 00:00, , , , ,0, , , , , , 
18-09-2017 00:00,18-09-2017 08:00, , , , ,0, , , , , , 
18-09-2017 08:00,18-09-2017 16:00, , , , ,0, , , , , , 
18-09-2017 16:00,19-09-2017 00:00, , , , ,0, , , , , , 
19-09-2017 00:00,19-09-2017 08:00, , , , ,0, , , , , , 
19-09-2017 08:00,19-09-2017 16:00, , , , ,0, , , , , , 
19-09-2017 16:00,20-09-2017 00:00, , , , ,0, , , , , , 
20-09-2017 00:00,20-09-2017 08:00, , , , ,0, , , , , , 
20-09-2017 08:00,20-09-2017 16:00, , , , ,0, , , , , , 
20-09-2017 16:00,21-09-2017 00:00, , , , ,0, , , , , , 
21-09-2017 00:00,21-09-2017 08:00, , , , ,0, , , , , , 
21-09-2017 08:00,21-09-2017 16:00, , , , ,0, , , , , , 
21-09-2017 16:00,22-09-2017 00:00, , , , ,0, , , , , , 
22-09-2017 00:00,22-09-2017 08:00, , , , ,0, , , , , , 
22-09-2017 08:00,22-09-2017 16:00, , , , ,0, , , , , , 
22-09-2017 16:00,23-09-2017 00:00, , , , ,0, , , , , , 
23-09-2017 00:00,23-09-2017 08:00, , , , ,0, , , , , , 
23-09-2017 08:00,23-09-2017 16:00, , , , ,0, , , , , , 
23-09-2017 16:00,24-09-2017 00:00, , , , ,0, , , , , , 
24-09-2017 00:00,24-09-2017 08:00, , , , ,0, , , , , , 
24-09-2017 08:00,24-09-2017 16:00, , , , ,0, , , , , , 
24-09-2017 16:00,25-09-2017 00:00, , , , ,0, , , , , , 
25-09-2017 00:00,25-09-2017 08:00, , , , ,0, , , , , , 
25-09-2017 08:00,25-09-2017 16:00, , , , ,0, , , , , , 
25-09-2017 16:00,26-09-2017 00:00, , , , ,0, , , , , , 
26-09-2017 00:00,26-09-2017 08:00, , , , ,0, , , , , , 
26-09-2017 08:00,26-09-2017 16:00, , , , ,0, , , , , , 
26-09-2017 16:00,27-09-2017 00:00, , , , ,0, , , , , , 
27-09-2017 00:00,27-09-2017 08:00, , , , ,0, , , , , , 
27-09-2017 08:00,27-09-2017 16:00, , , , ,0, , , , , , 
27-09-2017 16:00,28-09-2017 00:00, , , , ,0, , , , , , 
28-09-2017 00:00,28-09-2017 08:00, , , , ,0, , , , , , 
28-09-2017 08:00,28-09-2017 16:00, , , , ,0, , , , , , 
28-09-2017 16:00,29-09-2017 00:00, , , , ,0, , , , , , 
29-09-2017 00:00,29-09-2017 08:00, , , , ,0, , , , , , 
29-09-2017 08:00,29-09-2017 16:00, , , , ,0, , , , , , 
29-09-2017 16:00,30-09-2017 00:00, , , , ,0, , , , , , 
30-09-2017 00:00,30-09-2017 08:00, , , , ,0, , , , , , 
30-09-2017 08:00,30-09-2017 16:00, , , , ,0, , , , , , 
30-09-2017 16:00,01-10-2017 00:00, , , , ,0, , , , , , 
01-10-2017 00:00,01-10-2017 08:00, , , , ,0, , , , , , 
01-10-2017 08:00,01-10-2017 16:00, , , , ,0, , , , , , 
01-10-2017 16:00,02-10-2017 00:00, , , , ,0, , , , , , 
02-10-2017 00:00,02-10-2017 08:00, , , , ,0, , , , , , 
02-10-2017 08:00,02-10-2017 16:00, , , , ,0, , , , , , 
02-10-2017 16:00,03-10-2017 00:00, , , , ,0, , , , , , 
03-10-2017 00:00,03-10-2017 08:00, , , , ,0, , , , , , 
03-10-2017 08:00,03-10-2017 16:00, , , , ,0, , , , , , 
03-10-2017 16:00,04-10-2017 00:00, , , , ,0, , , , , , 
04-10-2017 00:00,04-10-2017 08:00, , , , ,0, , , , , , 
04-10-2017 08:00,04-10-2017 16:00, , , , ,0, , , , , , 
04-10-2017 16:00,05-10-2017 00:00, , , , ,0, , , , , , 
05-10-2017 00:00,05-10-2017 08:00, , , , ,0, , , , , , 
05-10-2017 08:00,05-10-2017 16:00, , , , ,0, , , , , , 
05-10-2017 16:00,06-10-2017 00:00, , , , ,0, , , , , , 
06-10-2017 00:00,06-10-2017 08:00, , , , ,0, , , , , , 
06-10-2017 08:00,06-10-2017 16:00, , , , ,0, , , , , , 
06-10-2017 16:00,07-10-2017 00:00, , , , ,0, , , , , , 
07-10-2017 00:00,07-10-2017 08:00, , , , ,0, , , , , , 
07-10-2017 08:00,07-10-2017 16:00, , , , ,0, , , , , , 
07-10-2017 16:00,08-10-2017 00:00, , , , ,0, , , , , , 
08-10-2017 00:00,08-10-2017 08:00, , , , ,0, , , , , , 
08-10-2017 08:00,08-10-2017 16:00, , , , ,0, , , , , , 
08-10-2017 16:00,09-10-2017 00:00, , , , ,0, , , , , , 
09-10-2017 00:00,09-10-2017 08:00, , , , ,0, , , , , , 
09-10-2017 08:00,09-10-2017 16:00, , , , ,0, , , , , , 
09-10-2017 16:00,10-10-2017 00:00, , , , ,0, , , , , , 
10-10-2017 00:00,10-10-2017 08:00, , , , ,0, , , , , , 
10-10-2017 08:00,10-10-2017 16:00, , , , ,0, , , , , , 
10-10-2017 16:00,11-10-2017 00:00, , , , ,0, , , , , , 
11-10-2017 00:00,11-10-2017 08:00, , , , ,0, , , , , , 
11-10-2017 08:00,11-10-2017 16:00, , , , ,0, , , , , , 
11-10-2017 16:00,12-10-2017 00:00, , , , ,0, , , , , , 
12-10-2017 00:00,12-10-2017 08:00, , , , ,0, , , , , , 
12-10-2017 08:00,12-10-2017 16:00, , , , ,0, , , , , , 
12-10-2017 16:00,13-10-2017 00:00, , , , ,0, , , , , , 
13-10-2017 00:00,13-10-2017 08:00, , , , ,0, , , , , , 
13-10-2017 08:00,13-10-2017 16:00, , , , ,0, , , , , , 
13-10-2017 16:00,14-10-2017 00:00, , , , ,0, , , , , , 
14-10-2017 00:00,14-10-2017 08:00, , , , ,0, , , , , , 
14-10-2017 08:00,14-10-2017 16:00, , , , ,0, , , , , , 
14-10-2017 16:00,15-10-2017 00:00, , , , ,0, , , , , , 
15-10-2017 00:00,15-10-2017 08:00, , , , ,0, , , , , , 
15-10-2017 08:00,15-10-2017 16:00, , , , ,0, , , , , , 
15-10-2017 16:00,16-10-2017 00:00, , , , ,0, , , , , , 
16-10-2017 00:00,16-10-2017 08:00, , ,86.16,52.38,169.72,5.8, , ,11.05, , 
16-10-2017 08:00,16-10-2017 16:00, , ,35.61,109.59,151.06,149.84, , ,63.34, , 
16-10-2017 16:00,17-10-2017 00:00, , ,353.57,166.74, ,24.18, , ,62.68, , 
17-10-2017 00:00,17-10-2017 08:00, , ,195.34,93.03,361.11,10.44, , ,4.98, , 
17-10-2017 08:00,17-10-2017 16:00,8.13, ,13.32,75.04,87.84,117.5, , ,41.72, , 
17-10-2017 16:00,18-10-2017 00:00,23.29, ,246.41,141.74,477.98,20.71, , ,45.81, , 
18-10-2017 00:00,18-10-2017 08:00,17.89, ,278.27,81.85,467.8,9.95, , ,30.39, , 
18-10-2017 08:00,18-10-2017 16:00,19.77, ,17.13,76.25,94.31,115.01, , ,54.85, , 
18-10-2017 16:00,19-10-2017 00:00, , ,363.37,136.06, ,23.7, , ,53.16, , 
19-10-2017 00:00,19-10-2017 08:00, , ,165.51,38.17,268.56,5.67, , ,10.28, , 
19-10-2017 08:00,19-10-2017 16:00, , ,35.05,75.73,119.11,103.91, , ,20.78, , 
19-10-2017 16:00,20-10-2017 00:00, , , , ,0, , , , , , 
20-10-2017 00:00,20-10-2017 08:00, , , , ,0, , , , , , 
20-10-2017 08:00,20-10-2017 16:00, , ,0.97,13.88,14.14,40.39, , ,17.06, , 
20-10-2017 16:00,21-10-2017 00:00, , ,283,131.94, ,20.44, , ,67.85, , 
21-10-2017 00:00,21-10-2017 08:00, , ,168.27,95.43,325.14,5.37, , ,13.07, , 
21-10-2017 08:00,21-10-2017 16:00, , ,28.64,73.51,108.03,67.59, , ,46.75, , 
21-10-2017 16:00,22-10-2017 00:00, , , , ,0, , , , , , 
22-10-2017 00:00,22-10-2017 08:00, , , , ,0, , , , , , 
22-10-2017 08:00,22-10-2017 16:00, , , , ,0, , , , , , 
22-10-2017 16:00,23-10-2017 00:00,14.05, ,339.05,135.18, ,5.24, , ,48.03, , 
23-10-2017 00:00,23-10-2017 08:00,17.36, ,334.09,100.16, ,15.26, , ,20.03, , 
23-10-2017 08:00,23-10-2017 16:00,30.33, ,65.14,117.67,200.15,107.74,13.12,1.4,42.25,6.14,6.06
23-10-2017 16:00,24-10-2017 00:00,21.54,731.56, ,142.94, ,6.87,430.38,56.36,60.5,12.51,188.75
24-10-2017 00:00,24-10-2017 08:00,16.93,731.08,274.54,99.25,478.55,5.45,337.75,67.84,10.35,10.42,177
24-10-2017 08:00,24-10-2017 16:00,28.24,732.09,21.43,87.54,110.78,91.25,436.88,33.64,43.37,264.53,222.75
24-10-2017 16:00,25-10-2017 00:00,16.1, ,225.93,104.69,415,12.83,364.38,39.66,33.87,10.79,163.62
25-10-2017 00:00,25-10-2017 08:00, , , , ,0, , , , , , 
25-10-2017 08:00,25-10-2017 16:00, , , , ,0, , , , , , 
25-10-2017 16:00,26-10-2017 00:00, , , , ,0, , , , , , 
26-10-2017 00:00,26-10-2017 08:00, , , , ,0, , , , , , 
26-10-2017 08:00,26-10-2017 16:00,20.71, ,2.8,40.13,40.86,98.5,216.06,19.45,33.7,187.41,118.81
26-10-2017 16:00,27-10-2017 00:00, , , , ,0, , , , , , 
27-10-2017 00:00,27-10-2017 08:00, , , , ,0, , , , , , 
27-10-2017 08:00,27-10-2017 16:00,21.14, ,3.35,47.65,48.57,88.33,260.62,27.36,38.15,194.77,142.88
27-10-2017 16:00,28-10-2017 00:00,6.21, ,2.02,27.58,28.23,8.24,80.38,11.39,10.54,8.49,33.75
28-10-2017 00:00,28-10-2017 08:00, , , , ,0, , , , , , 
28-10-2017 08:00,28-10-2017 16:00, , , , ,0, , , , , , 
28-10-2017 16:00,29-10-2017 00:00, , , , ,0, , , , , , 
29-10-2017 00:00,29-10-2017 08:00, , , , ,0, , , , , , 
29-10-2017 08:00,29-10-2017 16:00,3.62, ,0.57,8.61,8.72,16.34,44.12,3.5,4.92,33.12,21.38
29-10-2017 16:00,30-10-2017 00:00, , , , ,0, , , , , , 
30-10-2017 00:00,30-10-2017 08:00, , , , ,0, , , , , , 
30-10-2017 08:00,30-10-2017 16:00, , , , ,0, , , , , , 
30-10-2017 16:00,31-10-2017 00:00,19.12,731.66, ,164.13, ,17.25,491.55,73.63,52.28,10.9,288.25
31-10-2017 00:00,31-10-2017 08:00,14.69,731.1,400.87,71.43, ,11.67,322.94,85.83,9.59,7.83,226.62
31-10-2017 08:00,31-10-2017 16:00,24.36,731.61,74.81,97.94,195.64,57.48,272.5,52.24,29.44,207.06,225.38
31-10-2017 16:00,01-11-2017 00:00,3.31, ,4.99,23.69,28.84,2.99, ,7.09,6.26,7.56,20.2
01-11-2017 00:00,01-11-2017 08:00, , , , ,0, , , , , , 
01-11-2017 08:00,01-11-2017 16:00,17.9, ,3.59,58.64,59.03,70.44,200.69,23.96,37.02,174.3,119.12
01-11-2017 16:00,02-11-2017 00:00,20.23,731.72,161.82,159.28,374.81,8.23,411.62,66.59,27.92,10.81,202.5
02-11-2017 00:00,02-11-2017 08:00,16.8,731.38,22.5,71.57,97.58,10.52,233.75,81.53,9.56,8.72,138
02-11-2017 08:00,02-11-2017 16:00,24.92,731.96,12.83,126.2,134.22,66.67,336.12,52.51,30.81,233.71,191.12
02-11-2017 16:00,03-11-2017 00:00,19.87,731.72,316.63,150.6, ,12.65,420.38,70.12,52.92,10.62,216.5
03-11-2017 00:00,03-11-2017 08:00,0.52, , ,63.04, ,11.2,11.69,2.62,12.88,0.09,5.34
03-11-2017 08:00,03-11-2017 16:00,6.04, ,40.94,104.04,153.47,72.75,70.1,10.22,9.54,46.05,38.26
03-11-2017 16:00,04-11-2017 00:00,20.36,731.77,213.31,93.31,386.71,10.99,380.38,68.72,42.9,10.73,197.75
04-11-2017 00:00,04-11-2017 08:00,15.83,731.34, ,64.01, ,12.11,374.88,85.84,26.05,8.29,223.5
04-11-2017 08:00,04-11-2017 16:00,24.58,731.8,37.77,71.63,119.18,82.33,339.25,57.09,6.16,229.4,200.5
04-11-2017 16:00,05-11-2017 00:00,19.21,731.64,373.93,107.82, ,21.31,440.12,75.69,44.1,10.53,306.38
05-11-2017 00:00,05-11-2017 08:00,15.05,731.18, ,60.59, ,16.01,399.88,87.05,18.99,8.39,236.5
05-11-2017 08:00,05-11-2017 16:00,26,731.68,58.16,120.37,192.78,106.14,339.5,47.21,36.65,238.26,201.88
05-11-2017 16:00,06-11-2017 00:00,19.64,731.47,314.03,181.62, ,23.49,491.62,70.02,45.17,11.1,240.5
06-11-2017 00:00,06-11-2017 08:00,15.26,731.04,297.66,86.58,499.51,6.59,278.25,81.33,5.24,7.8,166.38
06-11-2017 08:00,06-11-2017 16:00,24.62,731.65,32.98,87.09,126.64,62.78,343.75,44.7,36.19,216.33,176.5
06-11-2017 16:00,07-11-2017 00:00,18.82,731.57,482.32,142.65, ,15.93,560.75,71.91,46.54,10.8,278.88
07-11-2017 00:00,07-11-2017 08:00,14.66,731.16,353.22,92.8, ,6.75,738.75,85.21,7.52,7.26,457.25
07-11-2017 08:00,07-11-2017 16:00,24.15,731.64,26.76,111.69,140.51,77.32,576.25,48.02, ,201.8,562.75
07-11-2017 16:00,08-11-2017 00:00,17.26,731.31,499.91,158.21, ,9.56,788.25,71.76,30.64,10.57,422.12
08-11-2017 00:00,08-11-2017 08:00,13.08,730.91,294.06,107.27, ,6.73,935.25,86.81,6.66,7.6,586.38
08-11-2017 08:00,08-11-2017 16:00,21.88,731.18,43.91,186.29,233.34,63.62,701.12,54.1,58.33,184.31,650.88
08-11-2017 16:00,09-11-2017 00:00,15.82,730.51,471.55,201.48, ,15.47, ,75.96,46.16,10.68,736.88
09-11-2017 00:00,09-11-2017 08:00,11.88,730.4,386.24,89.11, ,10,954.88,87.41,4.97,6.61,599.5
09-11-2017 08:00,09-11-2017 16:00,23.78,730.49,78.74,156.77,255.3,99.43,779.5,44.35,33.11,212.38,302.5
09-11-2017 16:00,10-11-2017 00:00,16.44,730.38, ,198.08, ,13.59,715.12,70.19,28.22,10.1,328.12
10-11-2017 00:00,10-11-2017 08:00,11.89,730.21,324.04,131.78, ,8.36,667.25,82.3,4.24,7.38,406.38
10-11-2017 08:00,10-11-2017 16:00,23.94,731.23,58.67,176.71,245.36,69.77,595,41.03,16.57,215.11,358.5
10-11-2017 16:00,11-11-2017 00:00,16.37,731.14, ,205.81, ,11.85,604,71.12,5.42,10.15,310.25
11-11-2017 00:00,11-11-2017 08:00,11.66,730.73,480.25,135.19, ,7.32,479.12,83.17,1.45,7.34,286.25
11-11-2017 08:00,11-11-2017 16:00,22.54,731.24,86.65,213.41,318.59,58.24,578,46.02,17.81,187.84,366.88
11-11-2017 16:00,12-11-2017 00:00,16.17,731.36, ,242, ,15.17,846.38,75.04,9.84,10.81,488.25
12-11-2017 00:00,12-11-2017 08:00,12.03,731.15,441.43,159.94, ,9.04,733.12,85.36,2.75,6.98,445.62
12-11-2017 08:00,12-11-2017 16:00,21.82,731.14,108.24,285.79,415.64,81.44,925.75,54.58,6.58,162.04,571.62
12-11-2017 16:00,13-11-2017 00:00,15.63,730.83, ,195.61, ,14.09,662.75,72.33,2.2,10.58,371.75
13-11-2017 00:00,13-11-2017 08:00,10.9,730.44,443.77,83.15, ,9.63,624,86.22,9.32,6.39,396.25
13-11-2017 08:00,13-11-2017 16:00,21.35,730.8,107.86,165.59,304.51,69.23,661.25,52.79, ,184.22,408.5
13-11-2017 16:00,14-11-2017 00:00,16.12,731.29, ,173.6, ,11.76,557.12,73.61,50.21,9.43,285.12
14-11-2017 00:00,14-11-2017 08:00,12.9,731.04,196.55,94.8,364.44,10.26,430.38,83.65, ,6.75,275.88
14-11-2017 08:00,14-11-2017 16:00,21.47,731.93,19.49,106.32,125.32,48.82,438.38,49.35,21.23,192.67,281.62
14-11-2017 16:00,15-11-2017 00:00,16.11,731.81,264.45,137.9,499.88,11.53,551.12,71.84,35.03,8.93,302.25
15-11-2017 00:00,15-11-2017 08:00,12.06,731.31,73.04,84.62,180.88,8.41,372.75,80.46,3.49,6.4,233.88
15-11-2017 08:00,15-11-2017 16:00,21.25,731.39,23.23,87.23,113.03,42.52,345.38,44.52,15.19,181.64,203.25
15-11-2017 16:00,16-11-2017 00:00,15.91,731.34,327.91,128.69, ,11.09,443,70.05,38.83,8.85,224.5
16-11-2017 00:00,16-11-2017 08:00,12.26,731.29,237.04,78.97,406.99,13.26,368,82.63,6.85,6.33,225.38
16-11-2017 08:00,16-11-2017 16:00,20.51,731.52,53.5,110.2,176.86,40.57,426.62,51.74,47.81,175.36,247.88
16-11-2017 16:00,17-11-2017 00:00,15.91,731.07,120.97,121.01,281.97,13.42,310.62,62.77,57.32,8.98,166.12
17-11-2017 00:00,17-11-2017 08:00,12.21,731.01,104.89,72.66,214.8,8.33,309.62,77.38,26.76,5.86,189
17-11-2017 08:00,17-11-2017 16:00,20.62,731.6,21,81.29,104.42,38.74,248.38,49.89,40.51,171.45,137.88
17-11-2017 16:00,18-11-2017 00:00,17.77,731.33,62.02,121.27,199.07,11.43,261,58.29,46.41,7.21,137.33
18-11-2017 00:00,18-11-2017 08:00, , , , , , , , , , , 
18-11-2017 08:00,18-11-2017 16:00,21.22,731.25,5.05,76.01,77.08,68.77,226.25,48.69,36.68,132.26,143.25
18-11-2017 16:00,19-11-2017 00:00,17.54,731.15,25.12,113.92,140.24,16.86,264.88,59.92,30.58,7.78,157.38
19-11-2017 00:00,19-11-2017 08:00,13.21,730.75,4.51,58.19,59.91,30.67,189.12,63.16,22.64,7.03,118
19-11-2017 08:00,19-11-2017 16:00,19.63,730.99,5.17,54.43,57.4,77.56,237.25,38,36.28,225.74,142.25
19-11-2017 16:00,20-11-2017 00:00,14.97,730.68,109.45,128.92,273,21.33,324.12,49.5,36.47,10.08,167.38
20-11-2017 00:00,20-11-2017 08:00,9.81,730.53,29.92,91.59,126.49,13.87,323.12,62.08,20.99,7.46,202.88
20-11-2017 08:00,20-11-2017 16:00,18.46,731.02,28.52,77.72,111.73,69.83,376.88,36.91,37.75,244.04,207.5
20-11-2017 16:00,21-11-2017 00:00,12.8,730.49,159.75,123.33,338.81,21.41,328.88,55.09,43.35,9.67,183.25
21-11-2017 00:00,21-11-2017 08:00,8.37,730.5,44.29,86.9,142.44,8.08,346.75,63.26,12.93,7.12,248.88
21-11-2017 08:00,21-11-2017 16:00,18.18,730.94,10.92,57.71,68.5,74.09,338.5,36.52,29.57,241.55,181.75
21-11-2017 16:00,22-11-2017 00:00,13.24,730.44,150.76,120.46,323.49,20.77,344.25,50.4,33.16,9.54,181.12
22-11-2017 00:00,22-11-2017 08:00,8.87,730.41,57.3,93.07,166.46,6.8,350.12,61.78,27.97,6.55,218.5
22-11-2017 08:00,22-11-2017 16:00,19.07,731.05,9.2,61.8,69.85,80.86,359.12,31.99,43.76,251.19,177.5
22-11-2017 16:00,23-11-2017 00:00,13.56,730.62,140.85,127.92,316.37,16.24,331.5,42.94,43.71,9.17,174.5
23-11-2017 00:00,23-11-2017 08:00,7.9,730.4,68.73,88.95,178.78,5.88,347.88,59,36.7,6.25,238.38
23-11-2017 08:00,23-11-2017 16:00,19.26,730.96,22.87,70.96,97.56,81.58,403.88,31.49,45.44,247.85,200
23-11-2017 16:00,24-11-2017 00:00,12.9,730.66,170.89,142.07,371.76,15.87,390.12,46.47,49.68,8.68,211
24-11-2017 00:00,24-11-2017 08:00,7.68,730.43,123.44,105.34,271.03,5.36,338.88,58.23,45.87,6.38,215.38
24-11-2017 08:00,24-11-2017 16:00,19.68,731.22,16.47,70.66,88.25,86.24,354.75,30.02,44.46,245.56,207.75
24-11-2017 16:00,25-11-2017 00:00,14.52,730.78,117.02,151.86,304.78,15.15,387.25,45.38,47.64,8.64,197.38
25-11-2017 00:00,25-11-2017 08:00,8.92,730.4,70.88,111.98,203.02,5.32,398.5,59.59,41.46,6.1,264.62
25-11-2017 08:00,25-11-2017 16:00,20.47,731.25,9.64,71.82,79.69,96.59,344.88,30.3,56.72,238.79,188.75
25-11-2017 16:00,26-11-2017 00:00,12.66,730.75,326.2,147.73, ,13.49,507,57.38,52,8.5,260.38
26-11-2017 00:00,26-11-2017 08:00,8.23,730.17,499.13,117.36, ,5.2,578,72.5,20.04,3.54,280
26-11-2017 08:00,26-11-2017 16:00,23.76,731.86,5.79,71.12,73.62,117.86,269.17,24.64,42.75,253.5,171.5
26-11-2017 16:00,27-11-2017 00:00,13.07,730.78,333.61,154.05, ,13.75,570.5,61.27,47.06,8.97,317
27-11-2017 00:00,27-11-2017 08:00,8.84,730.42,116.2,111.35,266.34,4.98,466.38,64.67,16.66,6.12,321.25
27-11-2017 08:00,27-11-2017 16:00,19.58,731.34,10.26,71.79,80.52,88.09,420,34.39,71.6,230.46,215.25
27-11-2017 16:00,28-11-2017 00:00,13.28,730.97,220.91,147.94,447.71,15.58,477.5,57.48,44.04,8.65,258.25
28-11-2017 00:00,28-11-2017 08:00,8.59,730.61,133.98,127.28,306.09,5.44,396.25,67.17,34.75,5.83,243.62
28-11-2017 08:00,28-11-2017 16:00,21.34,731.56,27.53,76.38,109.11,74.85,348,29.4,51.53,232.67,174.12
28-11-2017 16:00,29-11-2017 00:00,13.26,731.04, ,122.31, ,12.42,618.5,63.85,59.02,7.3,300.25
29-11-2017 00:00,29-11-2017 08:00,7.71,730.7,428.47,76.02, ,6,341.38,80.66,4.79,5.23,218.38
29-11-2017 08:00,29-11-2017 16:00,21.84,731.21,105.37,182.81,316.82,39.06,458,35.96,43.43,211.64,263.75
29-11-2017 16:00,30-11-2017 00:00,13.91,731.17, ,163.97, ,7.66,615.25,65.55,51.58,8,303
30-11-2017 00:00,30-11-2017 08:00,8.62,730.62, ,83.7, ,6.83,470.38,83.89,14.59,5.31,278
30-11-2017 08:00,30-11-2017 16:00,21.03,731.45,173.81,144.09,377.73,56.63,429.12,40.11,16.8,211.07,253.75
30-11-2017 16:00,01-12-2017 00:00,13.09,731.22,427.64,148.94, ,11.93,513.62,63.09,41.44,7.9,292
01-12-2017 00:00,01-12-2017 08:00,8.02,730.85,241.3,112.52,443.88,5.42,402,75.18,7.88,5.46,272
01-12-2017 08:00,01-12-2017 16:00,19.99,731.55,38.15,105.36,150.75,60.29,383.38,35.95,45.29,218.48,205.5
01-12-2017 16:00,02-12-2017 00:00,12.18,731.22, ,155.46, ,11.18,522.88,61.07,57.13,8.3,269
02-12-2017 00:00,02-12-2017 08:00,6.63,731.18, ,97.9, ,4.62,380.62,78.85,1.66,5.35,231.25
02-12-2017 08:00,02-12-2017 16:00,19.36,731.26,155.61,137.34,345.84,49.84,376.75,35.72,46,197.45,239.5
02-12-2017 16:00,03-12-2017 00:00,11.26,731.48, ,149.39, ,9.67,615.38,65.4,52.57,8.62,347.5
03-12-2017 00:00,03-12-2017 08:00,6.66,731.45, ,100.32, ,8.22,423.12,80.93,3.99,6.16,286.38
03-12-2017 08:00,03-12-2017 16:00,18.16,731.23,133.03,180.51,353.74,46.58,438.5,40.99,46.86,170.95,270.5
03-12-2017 16:00,04-12-2017 00:00,11.26,731.7, ,183.4, ,9.76,720.62,69.58,43.67,9.24,384.88
04-12-2017 00:00,04-12-2017 08:00,7.39,731.79,378.83,116.01, ,5.08,488.38,80.2, ,5.4,293.88
04-12-2017 08:00,04-12-2017 16:00,17.55,731.46,163.72,158.4,376.67,33.4,540.88,42.61,50.09,152.19,297.12
04-12-2017 16:00,05-12-2017 00:00,13.1,732.08, ,199.19, ,5.15,669.25,66.34, ,6.68,377.38
05-12-2017 00:00,05-12-2017 08:00,11.24,732.06,232.53,143.12,459.66,5.11,481.75,70.81, ,5.16,307.88
05-12-2017 08:00,05-12-2017 16:00,18.43,731.91,155.43,146.95,354.45,46.18,612.38,47.49,35.65,129.83,301.62
05-12-2017 16:00,06-12-2017 00:00,14.89,732.16,125.99,155.82,321.07,9.55,413.38,57.69,35.61,6.82,226.75
06-12-2017 00:00,06-12-2017 08:00,11.8,731.99,20.16,95.07,115.91,10.12,284.38,59.93,30.13,4.84,195.25
06-12-2017 08:00,06-12-2017 16:00,18.77,732.26,22.07,93.13,116.83,49.45,339.88,33.33,66.57,179.16,161.38
06-12-2017 16:00,07-12-2017 00:00,15.78,731.89,80.81,121.76,226.01,11.74,242.25,35.27,49.54,7.38,116.25
07-12-2017 00:00,07-12-2017 08:00,12,731.98,57.36,93.81,167.21,6.73,231.75,42.48,46.72,5.4,147.12
07-12-2017 08:00,07-12-2017 16:00,19.38,732.03,19.08,72.22,93.4,60.84,273.25,24.35,46.27,203.68,115.38
07-12-2017 16:00,08-12-2017 00:00,14.44,731.74,43.82,128.31,179.87,14.74,237.5,34.72,43.42,7.2,121.6
08-12-2017 00:00,08-12-2017 08:00,9,732.14,24.12,97.43,116.17,10.82,200.75,45.63,34.5,5.01,124.33
08-12-2017 08:00,08-12-2017 16:00,18.35,732.28,15.65,74.77,62.58,77.76,370.88,28.89,64.45,208.67,202.8
08-12-2017 16:00,09-12-2017 00:00,13.94,731.99,111.04,154.12,298.43,20.47,317.5,42.1,60.1,7.27,184
09-12-2017 00:00,09-12-2017 08:00,7.62,732.41,140.57,124.59,312.91,4.82,313,61.27,38.34,5.03,198.86
09-12-2017 08:00,09-12-2017 16:00,19.63,732.1,16.26,86.83,87.62,81.91,244.5,28.95,44.73,207.43,154.8
09-12-2017 16:00,10-12-2017 00:00,12.06,732.04,86.62,157.16,0,13.71,542.38,61.4,62.99,7.22,295.12
10-12-2017 00:00,10-12-2017 08:00,6.76,732.49,236.95,121.13,0,4.95,452.38,77.41,9.2,5.14,281.88
10-12-2017 08:00,10-12-2017 16:00,20.06,732.35,72.59,144.8,65.14,56.92,355.12,36.03,68.08,195.79,222
10-12-2017 16:00,11-12-2017 00:00,12.13,732.11,94.73,173.05, ,13.19,527.5,62.84,60.05,8.28,287.12
11-12-2017 00:00,11-12-2017 08:00,6.82,732.59,312.21,102.45, ,5.08,347.25,78.62,11.32,5.47,237.12
11-12-2017 08:00,11-12-2017 16:00,17.91,732.55,72.81,157.4,378.57,39.81,489.12,45.56,44.87,114.78,280.5
11-12-2017 16:00,12-12-2017 00:00,14.21,732.9,44.39,114.1,6.09,15,223.12,69.48,28.01,4.85,128.12
12-12-2017 00:00,12-12-2017 08:00,11.23,732.77,36.78,68.14,98.6,6.32,105.25,85.05,13.31,4.13,70.12
12-12-2017 08:00,12-12-2017 16:00,15.93,732.58,20.78,75.35,98.65,31.72,180,71.09,13.63,190.77,130.62
12-12-2017 16:00,13-12-2017 00:00,12.49,732.5,7.32,71.36,75.97,16.65,231.25,78.59,15.16,7.86,159.38
13-12-2017 00:00,13-12-2017 08:00,10.72,732.62,7.77,49.82,56.79,13.59,200.25,83.08,17.72,4.43,125.62
13-12-2017 08:00,13-12-2017 16:00,15.09,731.75,8.34,65.58,24.46,49.92,231.12,63.74,11.24,219.18,164.5
13-12-2017 16:00,14-12-2017 00:00,11.03,732.42,42.25,72.61,122.38,13.39,268.87,77.53,22.22,10.26,182.8
14-12-2017 00:00,14-12-2017 08:00,8.62,732.76,7.73,44.96,52.29,11.97,203.5,86.64,9.33,4.45,146
14-12-2017 08:00,14-12-2017 16:00,13.01,732.23,11.13,53.86,65.83,40.9,212.88,62.41,18.16,228.78,145.5
14-12-2017 16:00,15-12-2017 00:00,9.29,732.27,53.8,83.71,141.56, ,272.86,73.64,30.27,9.57,136.71
15-12-2017 00:00,15-12-2017 08:00,5.64,732.49,14.78,49.29,62.95, ,227.88,84.46, ,4.84,142.25
15-12-2017 08:00,15-12-2017 16:00,12.5,731.68,19.64,61.2,39.19, ,275.88,58.22,19.34,230.5,189.62
15-12-2017 16:00,16-12-2017 00:00,15,731.17,11.96,79.38,20.73, ,188,46.08,28.04,50.5,106
16-12-2017 00:00,16-12-2017 08:00, , , , , , , , , , , 
16-12-2017 08:00,16-12-2017 16:00, , , , , , , , , , , 
16-12-2017 16:00,17-12-2017 00:00, , , , , , , , , , , 
17-12-2017 00:00,17-12-2017 08:00, , , , , , , , , , , 
17-12-2017 08:00,17-12-2017 16:00,17.19,730.95,5.84,42.48,47.33, ,178.23,33.78,36.38,291.59,88.77
17-12-2017 16:00,18-12-2017 00:00,12.22,730.73,12.5,91.37,101.7, ,218.5,46.93,37.38,7.22,120.25
18-12-2017 00:00,18-12-2017 08:00,7,730.66,10.38,63.22,72.82, ,189.75,60.19,27.88,4.81,123
18-12-2017 08:00,18-12-2017 16:00,17.15,731.24,12.97,64.25,76.52,49.02,234.75,37.06,43.64,248.92,143.5
18-12-2017 16:00,19-12-2017 00:00,14.04,731.02,24.85,103.8,130.56,24.36,236.25,47.24,37.63,8.15,147.62
19-12-2017 00:00,19-12-2017 08:00,7.6,730.71,33.79,78.47,119.88,4.8,283,63.28,52.56,5.14,185.12
19-12-2017 08:00,19-12-2017 16:00,16.38,731.07,22,77.91,102.72,50.56,301.25,42.04,76.26,222.1,157.88
19-12-2017 16:00,20-12-2017 00:00,12.04,729.8,226.59,115.29,132.07,12.33,450.12,63.22,45.55,10.15,269.25
20-12-2017 00:00,20-12-2017 08:00,8.62,729.41,79,78.98,184.1,4.75,369.5,71.18,27.01,4.47,253.12
20-12-2017 08:00,20-12-2017 16:00,15.75,729.99,37.46,93.94,125.83,27.12,467,53.41,97.13,170.6,275.38
20-12-2017 16:00,21-12-2017 00:00,14.03,730.4,169.94,121.51,351.49,11.7,696.25,74.35,48,9.72,349.12
21-12-2017 00:00,21-12-2017 08:00,10.71,729.94,78.6,68.09,173.5,6.64,572.38,82.11,9.64,5.43,309.88
21-12-2017 08:00,21-12-2017 16:00,18.74,730.61,38.37,86.3,133.52,53.7,566.88,53.48,70.26,200.6,349.88
21-12-2017 16:00,22-12-2017 00:00,13.73,729.89,114.01,118.55,269.89,15.31,446.88,59.87,42.59,8.61,240.75
22-12-2017 00:00,22-12-2017 08:00,8.99,729.65,27.35,74.72,107.33,5.28,387.12,73.84,32.63,4.75,215.25
22-12-2017 08:00,22-12-2017 16:00,17.74,730.47,13.38,54.19,50.38,48.18,305.12,46.95,58.75,227.68,156.88
22-12-2017 16:00,23-12-2017 00:00,13.96,730.28,47.23,85.24,145.05,15.44,246.88,49.84,40.86,7.52,143.25
23-12-2017 00:00,23-12-2017 08:00,7.61,730,23.83,67.3,95.52,6.24,250.12,70.73,34.47,4.49,174.62
23-12-2017 08:00,23-12-2017 16:00,17.71,731.05,11.52,47.67,60.04,56.44,221.88,39.43,54.18,238.47,128.62
23-12-2017 16:00,24-12-2017 00:00,11.8,730.39,187.99,85.63,343.94,16.78,326.38,59.64,41.26,8.41,179.75
24-12-2017 00:00,24-12-2017 08:00,5.25,730.5,265.63,46.35,417.3,5.97,330,82.7,17.12,4.5,233.38
24-12-2017 08:00,24-12-2017 16:00,17.71,730.73,64.85,75.39,160.81,60.04,288.5,42.3,41.9,212.9,198.88
24-12-2017 16:00,25-12-2017 00:00,10.58,730.39,203.94,111.61, ,15.97,641.5,69.34,52.71,9.19,330.88
25-12-2017 00:00,25-12-2017 08:00,6.08,730.56,253.07,69.65,469.75,5.67,493.75,83.83,6.31,4.4,344.25
25-12-2017 08:00,25-12-2017 16:00,16.24,730.89,27.48,69.67,102.87,52.2,414.62,51.32,37.91,205.74,286.25
25-12-2017 16:00,26-12-2017 00:00,10.78,730.35,208.21,84.11,371.06,17.52,411.38,68.15,34.87,9.2,208.38
26-12-2017 00:00,26-12-2017 08:00,6.5,730.82,75,72.5,172.48,5,392.12,81.36,12.09,4.57,223.62
26-12-2017 08:00,26-12-2017 16:00,16.16,730.78,13.37,58.93,60.45,58.18,338,49.99,64.49,218.66,226
26-12-2017 16:00,27-12-2017 00:00,11.67,730.39,193.22,95.15,346.5,15.99,415.5,67.78,53.25,8.78,229.25
27-12-2017 00:00,27-12-2017 08:00,6.73,730.61,145.22,73.72,272.67,5.36,377.12,81.39,9.78,4.38,213.75
27-12-2017 08:00,27-12-2017 16:00,18.02,731.2,22.04,60.66,86.9,46.74,308.38,41.82,62.78,232.27,182.38
27-12-2017 16:00,28-12-2017 00:00,11.93,730.34,108.98,101.49, ,11.06,521.25,63.2,57.47,9.07,285.12
28-12-2017 00:00,28-12-2017 08:00,6.18,730.19,319.81,59.75, ,5.29,440,83.11,8.81,4.29,255
28-12-2017 08:00,28-12-2017 16:00,18.51,732.25,96.1,97.86,210.7,48,448.62,42.79,54.91,211.05,308.12
28-12-2017 16:00,29-12-2017 00:00,11.64,730.7,92.68,114.26, ,27.96,556.62,64.18,50.17,9.69,309.88
29-12-2017 00:00,29-12-2017 08:00,5.95,730.53,326.01,58.26, ,13.09,367.62,84.27,9.93,4.66,256.62
29-12-2017 08:00,29-12-2017 16:00,17.34,730.01,50.39,104.08,166.84,67.6,443.38,45.82,87.1,205.74,245.12
29-12-2017 16:00,30-12-2017 00:00,11.21,729.7,59.94,121.74, ,20.84,526.62,66.41,73.32,9.36,243.88
30-12-2017 00:00,30-12-2017 08:00,6.29,730.34,280.65,74.84, ,8.46,487.88,83.88,5.74,4.58,293.88
30-12-2017 08:00,30-12-2017 16:00,16.46,729.75,44.95,87.04,143.39,65.91,397.25,52.71,36.29,199.05,274.75
30-12-2017 16:00,31-12-2017 00:00,10.62,729.76,192.49,95.53, ,21.78,556.75,68.18,45.32,10.6,290.75
31-12-2017 00:00,31-12-2017 08:00,5.4,729.82,387.07,45.85, ,8.41,535.88,85.77,5.86,4.08,289.88
31-12-2017 08:00,31-12-2017 16:00,13.59,729.26,54.71,76.72,147.77,43.63,384.62,60,7.66,164.39,234.38
31-12-2017 16:00,31-12-2017 23:59,8.92,728.84,199.92,99.11, ,20.68,467.71,66.68,48.72,8.31,443.5
